	CountyCode	senior	vision	highincome	lowincome	dynamic
0	1001	0	2	1	0	1
1	1003	0	0	4	3	2
2	1005	0	1	2	0	0
3	1007	0	0	1	0	1
4	1009	1	1	2	0	0
5	1011	0	1	0	0	0
6	1013	0	0	1	0	2
7	1015	0	1	3	0	3
8	1017	0	1	1	1	1
9	1019	1	1	2	0	0
10	1021	0	1	3	0	1
11	1023	1	0	1	1	0
12	1025	1	0	3	2	0
13	1027	0	0	1	0	0
14	1029	0	1	1	0	0
15	1031	1	0	2	0	2
16	1033	0	0	3	1	1
17	1035	0	0	3	0	0
18	1037	0	1	3	1	0
19	1039	1	0	2	0	1
20	1041	1	0	1	0	0
21	1043	1	1	2	0	1
22	1045	0	0	3	0	1
23	1047	0	0	2	3	1
24	1049	1	2	3	0	1
25	1051	0	1	2	1	1
26	1053	0	0	3	1	1
27	1055	2	2	3	0	2
28	1057	1	0	3	0	0
29	1059	0	0	3	1	0
30	1061	1	0	2	0	1
31	1063	0	0	1	0	0
32	1065	0	0	1	1	1
33	1067	0	0	3	0	0
34	1069	0	2	3	1	2
35	1071	0	1	2	1	1
36	1073	0	2	3	1	4
37	1075	0	0	3	0	0
38	1077	0	0	3	1	2
39	1079	0	0	2	0	0
40	1081	0	1	2	3	3
41	1083	0	1	3	1	1
42	1085	0	0	1	0	0
43	1087	0	0	2	0	0
44	1089	0	2	3	2	3
45	1091	0	0	3	2	0
46	1093	0	1	2	0	0
47	1095	0	2	3	0	1
48	1097	0	0	3	3	5
49	1099	0	0	2	0	0
50	1101	0	2	2	1	3
51	1103	0	2	3	1	3
52	1105	0	0	3	1	0
53	1107	0	0	4	0	0
54	1109	1	1	2	1	1
55	1111	0	0	3	0	0
56	1113	0	1	1	0	0
57	1115	1	1	3	0	1
58	1117	1	0	3	2	3
59	1119	0	0	1	0	0
60	1121	0	0	3	3	1
61	1123	0	0	3	1	1
62	1125	1	0	3	1	3
63	1127	1	0	1	1	0
64	1129	0	0	1	0	1
65	1131	0	0	2	1	0
66	1133	1	1	2	0	0
67	2013	0	0	1	0	0
68	2016	0	0	2	0	0
69	2020	1	0	6	0	1
70	2050	0	0	1	1	0
71	2060	0	0	1	0	0
72	2068	1	0	4	0	0
73	2070	0	0	2	0	0
74	2090	1	1	3	0	0
75	2100	1	0	1	0	0
76	2105	1	0	1	0	0
77	2110	0	0	2	0	0
78	2122	0	1	3	0	2
79	2130	0	0	3	0	0
80	2150	0	0	2	0	0
81	2164	0	0	1	0	0
82	2170	0	0	3	0	0
83	2180	0	0	2	0	0
84	2185	0	0	2	5	0
85	2188	0	0	2	0	0
86	2195	1	0	2	0	0
87	2198	1	0	2	0	0
88	2220	0	0	2	0	0
89	2230	1	0	0	0	0
90	2240	2	1	2	0	0
91	2261	0	0	3	0	0
92	2270	0	0	1	0	0
93	2275	1	0	1	0	0
94	2282	0	0	2	0	0
95	2290	0	0	4	1	0
96	4001	0	0	2	1	0
97	4003	3	1	4	1	2
98	4005	3	4	6	2	3
99	4007	1	1	4	1	0
100	4009	1	1	1	0	2
101	4011	1	0	1	0	0
102	4012	2	0	3	1	1
103	4013	6	3	9	3	12
104	4015	3	1	3	2	4
105	4017	1	0	3	0	2
106	4019	2	3	6	1	8
107	4021	2	3	7	0	2
108	4023	1	1	3	0	3
109	4025	4	2	4	2	4
110	4027	1	0	4	0	2
111	5001	1	0	2	1	0
112	5003	1	0	2	0	0
113	5005	2	0	2	1	0
114	5007	2	1	4	2	2
115	5009	1	0	2	1	0
116	5011	0	0	1	1	1
117	5013	0	0	1	1	0
118	5015	2	0	3	0	0
119	5017	0	1	1	0	0
120	5019	1	1	2	1	1
121	5021	0	1	1	2	0
122	5023	2	0	1	3	0
123	5025	0	0	0	1	0
124	5027	1	0	2	3	0
125	5029	1	0	1	1	0
126	5031	0	0	3	4	1
127	5033	1	0	3	1	0
128	5035	0	0	3	2	0
129	5037	0	0	2	1	0
130	5039	0	1	1	0	0
131	5041	0	1	1	1	0
132	5043	0	1	1	2	0
133	5045	1	1	4	3	1
134	5047	0	0	3	2	0
135	5049	0	1	1	1	0
136	5051	1	0	3	2	2
137	5053	0	0	2	3	0
138	5055	0	0	2	4	0
139	5057	0	0	3	6	1
140	5059	1	1	3	2	0
141	5061	0	1	3	3	0
142	5063	1	0	2	3	0
143	5065	0	0	2	1	0
144	5067	0	0	2	2	0
145	5069	0	0	4	3	0
146	5071	0	0	2	1	0
147	5073	0	0	2	4	0
148	5075	0	0	2	3	0
149	5077	0	0	1	2	0
150	5079	0	1	1	1	1
151	5081	0	0	1	3	0
152	5083	0	0	3	1	0
153	5085	1	0	3	3	0
154	5087	2	0	2	1	0
155	5089	1	0	2	1	0
156	5091	0	0	3	1	1
157	5093	0	0	3	3	1
158	5095	0	0	2	0	1
159	5097	1	0	1	1	0
160	5099	0	0	2	2	0
161	5101	1	0	1	0	0
162	5103	0	0	1	2	0
163	5105	1	0	0	1	0
164	5107	0	0	1	1	0
165	5109	1	0	1	0	0
166	5111	1	0	2	3	0
167	5113	1	1	1	0	0
168	5115	2	0	3	1	0
169	5117	0	0	1	2	0
170	5119	1	1	5	3	4
171	5121	0	0	2	2	0
172	5123	0	0	1	2	0
173	5125	1	1	3	2	0
174	5127	0	0	2	2	0
175	5129	3	0	1	0	0
176	5131	0	0	3	2	1
177	5133	0	1	1	1	0
178	5135	0	1	1	1	0
179	5137	2	0	2	1	0
180	5139	0	0	2	3	0
181	5141	2	1	1	0	0
182	5143	3	0	3	1	2
183	5145	1	1	3	3	1
184	5147	0	0	2	2	1
185	5149	0	0	1	2	0
186	6001	0	0	10	0	22
187	6003	1	0	3	0	0
188	6005	4	1	3	0	1
189	6007	0	2	5	0	5
190	6009	2	0	4	1	1
191	6011	0	2	4	1	1
192	6013	2	1	8	1	9
193	6015	1	0	2	0	2
194	6017	2	1	5	1	3
195	6019	1	1	6	4	10
196	6021	0	2	3	1	1
197	6023	4	0	5	1	3
198	6025	1	0	4	0	4
199	6027	0	1	4	1	2
200	6029	3	1	7	4	9
201	6031	0	1	5	2	3
202	6033	1	1	2	0	2
203	6035	2	2	2	0	1
204	6037	2	2	8	1	22
205	6039	1	2	3	2	3
206	6041	0	0	7	0	7
207	6043	2	1	1	2	2
208	6045	4	1	3	0	2
209	6047	1	0	5	3	3
210	6049	1	1	4	0	1
211	6051	0	1	3	1	2
212	6053	2	0	11	2	5
213	6055	0	1	5	0	6
214	6057	2	2	4	1	4
215	6059	0	0	8	0	15
216	6061	4	3	7	1	8
217	6063	2	1	3	0	2
218	6065	1	3	8	2	16
219	6067	3	3	8	1	11
220	6069	0	0	7	0	1
221	6071	2	3	7	1	15
222	6073	1	1	10	0	15
223	6075	1	1	6	0	15
224	6077	2	2	8	5	5
225	6079	1	0	8	0	7
226	6081	1	1	9	0	14
227	6083	1	0	7	0	9
228	6085	2	2	10	0	18
229	6087	1	2	8	1	7
230	6089	4	2	4	0	3
231	6091	0	1	0	0	1
232	6093	4	2	4	0	4
233	6095	1	2	8	0	8
234	6097	2	2	9	2	5
235	6099	3	0	6	4	5
236	6101	1	2	5	0	4
237	6103	2	2	4	0	4
238	6105	5	0	4	0	2
239	6107	1	1	6	3	7
240	6109	1	0	4	2	3
241	6111	0	0	7	0	14
242	6113	2	2	8	0	9
243	6115	2	2	3	0	2
244	8001	1	0	7	0	4
245	8003	3	2	3	0	0
246	8005	1	1	9	0	5
247	8007	0	3	4	0	0
248	8009	2	1	2	0	0
249	8011	2	1	2	0	0
250	8013	1	0	8	0	4
251	8014	0	1	6	0	3
252	8015	1	2	3	0	0
253	8017	2	0	1	0	0
254	8019	0	0	4	0	0
255	8021	1	1	1	0	0
256	8023	1	0	3	0	0
257	8025	1	0	2	0	0
258	8027	1	2	2	0	0
259	8029	2	0	2	0	0
260	8031	1	1	7	0	6
261	8033	0	1	1	0	0
262	8035	1	1	9	0	3
263	8037	0	3	3	0	0
264	8039	1	1	5	0	0
265	8041	5	1	8	0	4
266	8043	2	1	4	0	0
267	8045	0	1	4	0	0
268	8047	0	1	2	0	0
269	8049	2	1	3	0	0
270	8051	2	1	4	0	0
271	8053	0	0	1	0	0
272	8055	2	2	2	0	0
273	8057	0	0	1	0	0
274	8059	2	2	8	0	5
275	8061	3	0	1	0	0
276	8063	3	1	2	0	1
277	8065	0	1	1	0	0
278	8067	1	3	4	0	0
279	8069	1	1	7	0	3
280	8071	1	1	3	0	1
281	8073	3	0	2	0	0
282	8075	1	0	2	0	0
283	8077	1	1	5	0	0
284	8079	0	1	1	0	0
285	8081	1	3	3	0	0
286	8083	1	3	2	0	1
287	8085	2	0	3	0	1
288	8087	1	0	3	0	0
289	8089	1	1	2	0	0
290	8091	1	0	1	0	0
291	8093	3	2	4	0	0
292	8095	0	1	1	0	0
293	8097	0	0	4	0	0
294	8099	3	0	3	0	0
295	8101	2	1	5	0	3
296	8103	1	1	2	0	0
297	8105	3	1	1	0	0
298	8107	0	3	3	0	0
299	8109	2	2	3	0	1
300	8111	0	0	1	0	0
301	8113	0	2	1	0	0
302	8115	0	1	1	0	0
303	8117	0	1	4	0	0
304	8119	2	0	4	0	0
305	8121	0	0	2	0	0
306	8123	1	1	8	0	3
307	8125	1	1	2	0	0
308	9001	0	1	6	0	5
309	9003	0	1	7	0	6
310	9005	1	0	5	0	3
311	9007	0	0	5	0	2
312	9009	0	1	7	0	4
313	9011	0	0	7	0	2
314	9013	0	0	4	0	1
315	9015	0	0	5	0	1
316	10001	0	0	5	0	3
317	10003	0	0	4	0	3
318	10005	1	0	4	1	3
319	11001	1	0	6	0	15
320	12001	1	0	5	1	3
321	12003	0	0	3	0	0
322	12005	1	1	4	1	2
323	12007	0	1	3	0	0
324	12009	0	1	5	0	2
325	12011	1	0	5	0	8
326	12013	1	0	1	0	0
327	12015	0	1	5	0	1
328	12017	1	0	3	0	0
329	12019	0	1	3	0	3
330	12021	2	1	4	0	5
331	12023	0	0	4	0	1
332	12027	0	0	4	0	1
333	12029	0	0	1	0	0
334	12031	1	1	6	1	7
335	12033	0	0	6	3	3
336	12035	0	0	3	0	1
337	12037	1	0	2	0	0
338	12039	2	0	2	0	0
339	12041	0	0	1	0	0
340	12043	0	0	3	0	0
341	12045	1	0	2	0	0
342	12047	0	0	2	0	0
343	12049	0	0	3	0	1
344	12051	2	0	3	0	0
345	12053	1	0	4	0	3
346	12055	1	1	3	0	0
347	12057	3	2	5	1	8
348	12059	0	0	3	0	0
349	12061	0	1	4	1	2
350	12063	1	0	3	0	0
351	12065	1	0	2	0	0
352	12067	0	0	1	0	0
353	12069	1	1	7	0	2
354	12071	2	1	4	0	5
355	12073	2	0	5	2	3
356	12075	0	0	3	1	0
357	12077	1	0	1	0	0
358	12079	1	0	3	0	0
359	12081	1	0	6	0	4
360	12083	2	0	4	0	2
361	12085	0	2	4	1	2
362	12086	1	0	5	0	10
363	12087	0	0	3	0	1
364	12089	0	0	4	1	2
365	12091	1	0	4	1	5
366	12093	0	1	4	0	0
367	12095	2	1	6	2	8
368	12097	2	1	7	0	3
369	12099	1	1	5	1	7
370	12101	1	1	5	0	3
371	12103	0	1	4	0	4
372	12105	1	0	5	0	3
373	12107	0	0	3	0	1
374	12109	0	2	4	0	1
375	12111	0	2	4	0	3
376	12113	1	1	4	2	1
377	12115	2	0	7	1	4
378	12117	2	1	4	0	4
379	12119	2	0	4	0	0
380	12121	0	0	2	0	1
381	12123	1	0	3	0	0
382	12125	0	0	2	0	0
383	12127	2	1	6	1	4
384	12129	1	0	2	0	0
385	12131	1	1	4	1	4
386	12133	0	1	4	0	0
387	13001	0	0	3	1	0
388	13003	0	1	1	1	0
389	13005	0	1	1	1	0
390	13007	0	0	0	1	0
391	13009	0	0	3	2	2
392	13011	0	0	2	4	0
393	13013	0	0	3	0	1
394	13015	0	0	5	2	3
395	13017	0	0	1	1	0
396	13021	0	1	5	2	2
397	13023	0	0	0	3	0
398	13025	0	1	1	1	0
399	13027	0	0	2	1	0
400	13029	0	0	4	3	0
401	13031	0	0	5	2	1
402	13033	0	0	2	2	1
403	13035	0	0	3	2	0
404	13037	0	0	0	1	0
405	13039	2	0	2	2	0
406	13043	0	0	2	1	0
407	13045	0	0	3	1	3
408	13047	2	1	3	0	1
409	13049	0	0	2	1	0
410	13051	0	0	4	3	4
411	13053	0	1	2	0	1
412	13055	0	1	2	0	0
413	13057	1	0	6	0	4
414	13059	0	0	3	2	3
415	13063	0	0	4	2	7
416	13065	0	0	2	0	0
417	13067	0	1	6	2	6
418	13069	0	1	2	3	0
419	13071	0	0	2	2	0
420	13073	0	1	3	3	1
421	13075	0	0	2	1	0
422	13077	0	1	4	1	4
423	13079	0	0	2	1	0
424	13081	0	0	1	3	0
425	13083	0	1	1	0	0
426	13085	1	0	2	0	1
427	13087	2	0	0	2	1
428	13089	0	0	5	1	6
429	13091	0	0	1	5	0
430	13093	0	0	1	4	0
431	13095	0	0	3	2	1
432	13097	0	0	5	3	4
433	13099	0	0	0	1	0
434	13103	0	0	2	2	0
435	13105	0	0	2	3	0
436	13107	0	0	1	2	0
437	13109	0	0	2	1	0
438	13111	3	0	1	0	0
439	13113	0	1	4	2	2
440	13115	0	1	3	1	1
441	13117	0	0	5	1	5
442	13119	0	0	3	3	0
443	13121	0	1	7	2	11
444	13123	1	0	2	0	0
445	13125	0	0	1	1	0
446	13127	0	0	3	2	2
447	13129	0	0	3	1	1
448	13131	0	0	2	1	0
449	13133	0	1	2	1	0
450	13135	0	0	5	3	7
451	13137	1	0	2	2	1
452	13139	1	0	4	1	5
453	13141	0	0	1	0	0
454	13143	0	1	2	1	3
455	13145	0	1	1	2	0
456	13147	0	0	3	2	0
457	13151	0	0	4	3	5
458	13153	0	0	5	3	2
459	13157	0	0	3	2	2
460	13159	0	0	2	0	0
461	13161	0	1	1	0	0
462	13163	0	0	2	2	0
463	13165	0	0	1	1	0
464	13167	0	0	1	3	0
465	13169	0	0	4	3	1
466	13171	0	0	3	2	0
467	13173	0	0	1	0	0
468	13175	0	0	2	5	1
469	13177	0	0	1	2	0
470	13179	0	0	3	0	1
471	13181	0	0	2	1	0
472	13183	0	0	2	0	0
473	13185	0	0	3	2	2
474	13187	0	0	2	0	2
475	13189	0	1	3	1	1
476	13191	0	0	2	0	0
477	13193	0	0	2	2	0
478	13195	0	0	1	0	0
479	13197	0	0	1	1	0
480	13199	0	0	2	2	1
481	13201	0	0	0	2	0
482	13205	0	0	2	2	1
483	13207	0	1	2	3	0
484	13209	0	0	1	2	0
485	13211	0	1	1	1	1
486	13213	0	0	4	0	0
487	13215	0	1	3	3	2
488	13217	0	0	3	0	1
489	13219	0	0	2	1	1
490	13221	0	0	0	1	0
491	13223	0	0	3	2	2
492	13225	0	0	4	1	1
493	13227	1	0	3	0	0
494	13229	0	1	2	1	0
495	13231	0	0	2	2	0
496	13233	0	1	3	1	0
497	13235	0	0	0	1	0
498	13237	0	0	2	1	1
499	13241	1	0	2	1	1
500	13243	0	0	1	2	0
501	13245	0	1	4	1	2
502	13247	0	0	3	0	3
503	13249	0	0	1	1	0
504	13251	0	0	1	1	0
505	13253	0	0	0	1	0
506	13255	0	0	3	2	1
507	13257	1	0	2	2	1
508	13259	0	0	0	1	0
509	13261	0	0	3	2	1
510	13263	0	0	1	1	0
511	13265	0	0	1	0	0
512	13267	0	0	1	2	0
513	13269	0	0	2	3	0
514	13271	0	0	1	2	0
515	13273	0	0	0	2	0
516	13275	0	0	3	0	1
517	13277	0	1	2	2	1
518	13279	0	1	2	2	1
519	13281	2	0	1	0	1
520	13283	0	0	2	3	0
521	13285	0	1	3	2	3
522	13287	0	0	2	2	0
523	13289	0	0	2	3	0
524	13291	3	0	1	0	1
525	13293	0	0	1	2	0
526	13295	2	1	3	0	1
527	13297	0	0	2	1	2
528	13299	0	1	2	3	0
529	13301	0	0	1	2	0
530	13303	0	0	2	2	1
531	13305	0	0	3	1	0
532	13307	0	0	0	1	0
533	13309	0	0	1	1	0
534	13311	1	0	1	0	0
535	13313	1	1	3	0	1
536	13315	0	0	0	1	0
537	13317	0	0	2	1	0
538	13319	0	0	3	2	0
539	13321	0	0	1	2	0
540	15001	0	0	5	0	2
541	15003	1	0	4	0	6
542	15007	0	0	4	0	2
543	15009	0	0	4	0	1
544	16001	0	4	4	0	3
545	16003	0	1	2	0	0
546	16005	1	4	3	0	3
547	16007	0	2	1	0	0
548	16009	3	1	2	1	0
549	16011	0	4	4	0	0
550	16013	0	3	4	0	0
551	16015	0	2	3	0	0
552	16017	5	2	4	1	2
553	16019	0	4	3	0	2
554	16021	0	2	2	0	0
555	16023	1	0	0	0	0
556	16025	0	1	1	0	0
557	16027	0	4	4	0	2
558	16029	0	1	1	0	0
559	16031	2	4	3	0	0
560	16035	2	0	3	1	0
561	16037	1	0	0	0	0
562	16039	0	4	2	0	1
563	16041	0	0	3	0	0
564	16043	0	3	1	0	0
565	16045	0	3	4	0	2
566	16047	0	3	2	0	0
567	16049	2	0	2	1	0
568	16051	0	3	1	0	0
569	16053	0	3	3	0	0
570	16055	2	3	4	1	3
571	16057	2	0	3	0	0
572	16059	0	0	2	0	0
573	16061	2	0	1	0	0
574	16063	0	3	2	0	1
575	16065	0	4	2	0	1
576	16067	1	4	2	0	0
577	16069	2	0	4	0	2
578	16071	1	2	1	0	0
579	16073	0	3	5	0	0
580	16075	0	4	2	0	0
581	16077	1	3	2	0	0
582	16079	1	0	2	1	0
583	16081	0	2	0	0	0
584	16083	0	4	3	0	2
585	16085	0	2	2	0	0
586	16087	0	2	1	0	0
587	17001	1	1	4	0	2
588	17003	0	0	2	0	1
589	17005	0	0	2	0	1
590	17007	1	0	6	0	0
591	17009	0	1	2	0	0
592	17011	0	0	4	0	1
593	17013	0	0	2	0	0
594	17015	1	1	4	0	0
595	17017	1	0	2	0	0
596	17019	5	1	8	0	2
597	17021	2	1	1	0	0
598	17023	2	1	3	0	0
599	17025	0	1	4	0	0
600	17027	0	0	4	0	1
601	17029	2	0	3	0	0
602	17031	2	2	12	1	15
603	17033	2	1	3	0	0
604	17035	2	0	1	0	0
605	17037	1	2	6	0	1
606	17039	4	0	3	0	0
607	17041	3	1	3	0	1
608	17043	1	2	7	1	7
609	17045	2	4	3	0	0
610	17047	0	1	2	0	1
611	17049	3	2	2	0	0
612	17051	2	1	4	0	0
613	17053	4	0	3	0	0
614	17055	1	1	4	0	1
615	17057	2	1	5	0	0
616	17059	0	1	3	0	0
617	17061	1	0	2	0	0
618	17063	3	1	6	0	1
619	17065	0	1	4	0	0
620	17067	2	1	3	0	0
621	17069	0	0	1	0	0
622	17071	3	0	2	0	1
623	17073	2	1	5	0	1
624	17075	5	1	7	0	2
625	17077	1	2	4	0	2
626	17079	2	0	3	0	0
627	17081	0	2	5	0	1
628	17083	1	0	4	0	0
629	17085	2	1	5	0	1
630	17087	2	0	3	0	0
631	17089	2	3	6	0	5
632	17091	3	0	8	0	3
633	17093	1	3	5	0	3
634	17095	1	1	5	0	0
635	17097	0	0	6	1	6
636	17099	3	1	7	0	3
637	17101	1	1	2	0	0
638	17103	0	0	5	0	0
639	17105	5	0	5	0	1
640	17107	4	0	4	0	1
641	17109	3	1	3	0	1
642	17111	1	1	7	0	4
643	17113	6	2	5	0	2
644	17115	3	0	5	0	1
645	17117	2	0	5	0	0
646	17119	1	0	6	1	3
647	17121	1	1	5	0	0
648	17123	1	0	3	0	1
649	17125	5	0	3	0	0
650	17127	2	0	4	0	0
651	17129	3	0	3	0	0
652	17131	0	1	3	0	0
653	17133	0	1	3	0	0
654	17135	2	1	5	0	0
655	17137	2	0	2	0	0
656	17139	1	0	3	0	0
657	17141	1	0	4	0	0
658	17143	3	1	5	0	4
659	17145	0	1	3	0	0
660	17147	3	0	4	0	1
661	17149	0	1	2	0	0
662	17151	1	0	3	0	0
663	17153	1	0	3	0	1
664	17155	0	0	3	0	0
665	17157	0	2	5	0	0
666	17159	0	1	2	0	0
667	17161	0	2	5	0	3
668	17163	0	1	5	0	2
669	17165	1	2	3	0	0
670	17167	3	0	5	0	3
671	17169	2	1	1	0	0
672	17171	1	0	2	0	0
673	17173	4	0	2	0	0
674	17175	0	0	3	0	1
675	17177	2	1	3	0	1
676	17179	5	1	5	0	3
677	17181	1	1	3	0	0
678	17183	3	2	6	0	1
679	17185	0	1	2	0	2
680	17187	1	0	4	0	2
681	17189	0	0	3	0	1
682	17191	0	2	3	0	0
683	17193	0	1	3	0	0
684	17195	2	1	5	0	1
685	17197	1	2	7	0	5
686	17199	1	1	5	0	1
687	17201	2	0	6	0	3
688	17203	3	1	4	0	0
689	18001	2	5	4	0	0
690	18003	2	4	4	0	2
691	18005	1	1	4	0	1
692	18007	1	1	4	0	0
693	18009	0	3	4	0	0
694	18011	2	5	7	0	0
695	18013	0	3	3	0	0
696	18015	2	4	4	0	0
697	18017	1	3	4	0	0
698	18019	2	3	4	0	0
699	18021	2	2	4	0	0
700	18023	2	3	7	0	0
701	18025	2	2	3	0	0
702	18027	2	2	5	0	1
703	18029	0	1	4	0	0
704	18031	1	1	4	0	1
705	18033	2	3	3	0	1
706	18035	0	3	5	0	1
707	18037	1	1	4	0	1
708	18039	1	3	5	0	3
709	18041	0	2	5	0	1
710	18043	1	3	4	0	1
711	18045	3	2	3	0	1
712	18047	0	2	6	0	0
713	18049	1	2	4	0	0
714	18051	1	2	4	0	1
715	18053	1	3	5	0	1
716	18055	3	3	4	1	0
717	18057	3	4	7	0	3
718	18059	0	4	6	0	1
719	18061	2	3	5	0	0
720	18063	3	3	4	0	2
721	18065	0	4	5	0	1
722	18067	2	2	6	0	0
723	18069	1	3	4	0	0
724	18071	2	3	4	0	0
725	18073	2	1	4	0	0
726	18075	2	3	5	0	1
727	18077	1	2	4	0	1
728	18079	2	2	4	0	0
729	18081	1	3	4	0	2
730	18083	4	3	4	0	0
731	18085	1	3	5	0	2
732	18087	1	2	5	0	0
733	18089	1	1	8	0	3
734	18091	1	4	5	0	2
735	18093	2	2	4	0	0
736	18095	1	3	6	0	1
737	18097	1	4	6	1	5
738	18099	1	3	4	0	1
739	18101	0	1	5	0	0
740	18103	3	2	3	0	0
741	18105	1	2	3	0	1
742	18107	2	3	5	0	0
743	18109	2	2	4	0	1
744	18111	2	2	4	0	0
745	18113	1	4	5	0	0
746	18115	0	0	3	0	1
747	18117	2	2	3	0	0
748	18119	2	2	2	0	0
749	18121	3	2	3	0	0
750	18123	0	2	2	0	0
751	18125	1	1	3	0	0
752	18127	1	1	7	0	3
753	18129	1	2	4	0	0
754	18131	1	2	3	0	0
755	18133	2	3	4	0	1
756	18135	1	2	6	0	1
757	18137	0	0	4	0	0
758	18139	1	1	5	0	0
759	18141	1	3	5	0	1
760	18143	1	1	3	0	1
761	18145	2	2	5	0	0
762	18147	0	2	3	0	0
763	18149	1	1	4	0	0
764	18151	1	1	3	0	1
765	18153	3	3	3	0	0
766	18155	0	0	1	0	0
767	18157	2	3	6	0	1
768	18159	3	2	5	0	0
769	18161	0	2	5	0	0
770	18163	0	2	4	0	0
771	18165	1	2	2	0	0
772	18167	1	2	4	0	2
773	18169	0	2	4	0	0
774	18171	2	1	4	0	0
775	18173	0	1	3	0	0
776	18175	3	2	4	0	1
777	18177	1	4	6	0	1
778	18179	2	3	4	0	0
779	18181	1	3	4	0	0
780	18183	1	2	4	0	0
781	19001	2	2	3	0	0
782	19003	0	1	1	0	0
783	19005	0	1	2	0	0
784	19007	1	0	3	0	0
785	19009	0	2	1	0	0
786	19011	1	2	6	0	0
787	19013	6	5	4	0	1
788	19015	2	1	3	0	1
789	19017	4	5	4	0	0
790	19019	3	3	4	0	0
791	19021	3	2	3	0	0
792	19023	4	3	3	0	0
793	19025	3	1	1	0	0
794	19027	2	1	4	0	0
795	19029	0	3	2	0	0
796	19031	1	2	4	0	2
797	19033	5	3	6	0	0
798	19035	1	3	4	0	0
799	19037	2	1	2	0	0
800	19039	0	0	4	0	0
801	19041	4	4	4	0	0
802	19043	1	2	4	0	0
803	19045	4	2	5	0	1
804	19047	2	1	5	0	0
805	19049	4	2	6	0	0
806	19051	1	0	3	0	0
807	19053	1	0	1	0	0
808	19055	1	0	4	0	0
809	19057	0	1	3	0	0
810	19059	8	4	3	0	0
811	19061	3	2	6	0	1
812	19063	4	2	2	0	0
813	19065	6	3	3	0	0
814	19067	5	3	3	0	0
815	19069	4	1	4	0	0
816	19071	2	1	2	0	0
817	19073	4	0	1	0	0
818	19075	3	4	3	0	0
819	19077	3	0	1	0	0
820	19079	3	0	4	0	0
821	19081	3	1	4	0	0
822	19083	6	2	4	0	0
823	19085	0	0	2	0	0
824	19087	2	1	3	0	0
825	19089	1	2	3	0	0
826	19091	2	1	2	0	0
827	19093	3	1	4	0	0
828	19095	0	3	5	0	0
829	19097	3	3	5	0	0
830	19099	2	1	4	0	0
831	19101	2	1	2	0	0
832	19103	4	3	9	0	0
833	19105	4	2	4	0	0
834	19107	3	0	2	0	0
835	19109	5	2	3	0	0
836	19111	0	3	3	0	0
837	19113	5	3	8	0	2
838	19115	1	0	3	0	0
839	19117	0	0	3	0	0
840	19119	1	3	3	0	0
841	19121	2	1	2	0	0
842	19123	2	1	6	0	0
843	19125	2	3	6	0	0
844	19127	2	1	5	0	0
845	19129	2	1	4	0	0
846	19131	4	2	2	0	0
847	19133	1	2	3	0	0
848	19135	1	2	2	0	1
849	19137	1	1	1	0	0
850	19139	3	3	3	0	1
851	19141	1	5	3	0	0
852	19143	5	3	3	0	0
853	19145	0	1	4	0	0
854	19147	4	2	2	0	0
855	19149	3	5	4	0	0
856	19151	5	1	3	0	0
857	19153	6	5	6	0	5
858	19155	4	1	5	0	0
859	19157	1	3	3	0	0
860	19159	0	0	2	0	0
861	19161	3	0	2	0	0
862	19163	4	2	5	0	2
863	19165	0	1	3	0	0
864	19167	2	4	3	0	0
865	19169	3	2	4	0	2
866	19171	2	2	3	0	0
867	19173	0	1	4	0	0
868	19175	1	1	3	0	0
869	19177	1	0	1	0	0
870	19179	3	2	4	0	0
871	19181	2	1	5	0	1
872	19183	3	0	3	0	0
873	19185	1	0	0	0	0
874	19187	4	1	6	0	0
875	19189	2	3	1	0	0
876	19191	3	2	1	0	0
877	19193	3	2	6	0	0
878	19195	3	2	2	0	0
879	19197	3	1	4	0	0
880	20001	1	4	2	0	0
881	20003	1	4	3	1	0
882	20005	3	1	3	0	0
883	20007	0	3	1	0	0
884	20009	1	0	4	0	0
885	20011	1	6	2	1	0
886	20013	2	0	2	0	0
887	20015	1	2	3	0	0
888	20017	3	1	1	0	0
889	20019	1	2	0	0	0
890	20021	2	4	3	0	0
891	20023	0	2	0	0	0
892	20025	1	2	1	0	0
893	20027	0	3	2	0	0
894	20029	1	2	1	0	0
895	20031	1	2	4	0	0
896	20033	0	2	0	0	0
897	20035	2	2	3	0	0
898	20037	2	6	4	0	0
899	20039	1	2	1	0	0
900	20041	2	3	2	0	1
901	20043	2	0	2	1	0
902	20045	2	2	4	0	1
903	20047	0	1	2	0	0
904	20049	0	3	1	0	0
905	20051	1	1	3	0	0
906	20053	0	2	1	0	0
907	20055	1	1	3	0	0
908	20057	1	1	3	0	0
909	20059	3	4	4	0	0
910	20061	2	5	4	0	0
911	20063	1	0	2	0	0
912	20065	1	0	0	0	0
913	20067	0	1	2	0	0
914	20069	1	1	1	0	0
915	20071	1	0	0	0	0
916	20073	1	2	4	0	0
917	20075	1	1	0	0	0
918	20077	0	5	2	1	0
919	20079	2	2	3	0	0
920	20081	0	1	0	0	0
921	20083	1	1	0	0	0
922	20085	2	0	3	0	0
923	20087	2	1	4	0	0
924	20089	3	1	1	0	0
925	20091	4	5	7	1	4
926	20093	1	1	0	0	0
927	20095	1	2	2	0	0
928	20097	0	2	2	0	0
929	20099	1	4	4	0	0
930	20101	0	0	1	0	0
931	20103	4	2	5	0	1
932	20105	1	3	1	0	0
933	20107	2	7	1	0	0
934	20109	1	0	1	0	0
935	20111	2	1	4	0	0
936	20113	3	2	3	0	1
937	20115	3	3	2	0	0
938	20117	0	1	2	0	0
939	20119	1	2	0	0	0
940	20121	4	4	5	1	0
941	20123	1	2	3	0	0
942	20125	4	4	3	0	0
943	20127	2	1	3	0	0
944	20129	0	1	1	0	0
945	20131	2	1	2	0	0
946	20133	3	4	3	0	0
947	20137	1	0	0	0	0
948	20139	1	2	4	0	0
949	20141	1	0	1	0	0
950	20143	1	3	1	0	0
951	20145	0	0	3	0	0
952	20147	1	0	1	0	0
953	20149	1	3	5	0	0
954	20151	0	4	2	0	0
955	20153	1	1	0	0	0
956	20155	2	3	3	1	0
957	20157	2	3	0	0	0
958	20159	3	3	2	0	0
959	20161	1	4	4	0	0
960	20163	1	1	1	0	0
961	20165	1	0	0	0	0
962	20167	2	1	1	0	0
963	20169	3	2	3	0	1
964	20171	1	0	2	0	0
965	20173	4	3	3	0	2
966	20175	0	3	1	0	0
967	20177	4	5	4	0	1
968	20179	1	1	1	0	0
969	20181	1	1	1	0	0
970	20183	1	1	0	0	0
971	20185	1	2	2	0	0
972	20187	0	1	0	0	0
973	20189	0	1	1	0	0
974	20191	1	2	3	0	0
975	20193	2	0	3	0	0
976	20195	1	1	1	0	0
977	20197	2	0	3	0	0
978	20199	1	0	0	0	0
979	20201	1	4	1	0	0
980	20203	1	0	0	0	0
981	20205	3	4	2	0	0
982	20207	1	2	3	0	0
983	20209	2	3	6	0	1
984	21001	2	0	1	0	0
985	21003	2	1	1	0	0
986	21005	0	0	1	0	0
987	21007	0	1	2	0	0
988	21009	3	0	3	0	0
989	21011	0	0	1	0	0
990	21013	0	0	1	0	0
991	21015	0	0	2	0	0
992	21017	0	0	4	0	0
993	21019	0	1	3	1	0
994	21021	0	1	1	0	0
995	21023	1	0	3	0	0
996	21025	2	0	1	3	0
997	21027	2	1	2	0	0
998	21029	1	0	4	0	0
999	21031	2	0	3	0	0
1000	21033	0	1	0	0	0
1001	21035	0	2	2	0	0
1002	21037	0	0	3	0	0
1003	21039	0	1	0	1	0
1004	21041	0	0	2	0	0
1005	21043	0	0	2	1	0
1006	21045	2	1	0	0	0
1007	21047	1	0	3	1	0
1008	21049	0	0	4	0	0
1009	21051	0	0	1	1	0
1010	21053	2	0	0	0	0
1011	21055	1	1	1	0	1
1012	21057	2	0	0	0	0
1013	21059	0	1	2	0	1
1014	21061	2	0	3	0	1
1015	21063	0	0	1	0	0
1016	21065	0	0	2	1	0
1017	21067	1	1	2	0	1
1018	21069	0	0	2	0	0
1019	21071	0	0	3	5	0
1020	21073	0	0	4	0	1
1021	21075	0	1	0	1	0
1022	21077	0	0	1	0	0
1023	21079	0	1	0	0	0
1024	21081	0	0	4	0	0
1025	21083	0	1	2	1	0
1026	21085	4	1	2	0	0
1027	21087	2	0	1	1	1
1028	21089	1	1	2	0	0
1029	21091	1	1	1	0	0
1030	21093	2	0	3	0	0
1031	21095	2	0	2	2	0
1032	21097	0	0	2	0	0
1033	21099	2	0	1	0	0
1034	21101	0	1	2	0	1
1035	21103	0	0	2	0	0
1036	21105	0	1	1	1	0
1037	21107	1	1	2	0	0
1038	21109	0	0	0	1	0
1039	21111	1	2	3	0	4
1040	21113	0	0	2	0	0
1041	21115	1	0	0	1	1
1042	21117	0	0	3	0	0
1043	21119	1	0	0	3	0
1044	21121	2	1	0	1	0
1045	21123	2	0	1	0	0
1046	21125	2	0	2	1	0
1047	21127	2	0	1	1	0
1048	21129	1	0	3	1	0
1049	21131	1	0	1	1	0
1050	21133	1	0	2	2	0
1051	21135	1	0	2	0	0
1052	21137	0	1	1	0	1
1053	21139	1	2	1	0	0
1054	21141	2	0	2	2	0
1055	21143	1	2	1	0	0
1056	21145	0	0	3	0	0
1057	21147	2	0	1	1	0
1058	21149	1	1	1	0	0
1059	21151	0	0	4	0	0
1060	21153	1	0	0	1	0
1061	21155	1	1	2	0	0
1062	21157	0	0	2	0	0
1063	21159	0	0	0	1	0
1064	21161	3	1	4	0	0
1065	21163	2	1	2	0	0
1066	21165	0	0	2	0	0
1067	21167	0	1	4	0	0
1068	21169	2	0	0	0	0
1069	21171	2	1	0	0	0
1070	21173	0	0	3	0	0
1071	21177	2	1	3	0	1
1072	21179	1	0	4	0	0
1073	21181	0	0	2	0	0
1074	21183	2	1	1	0	0
1075	21185	0	0	3	0	0
1076	21187	0	0	1	0	0
1077	21189	0	0	1	1	0
1078	21191	0	0	3	0	0
1079	21193	1	0	3	2	0
1080	21195	1	0	3	3	0
1081	21197	1	0	1	0	0
1082	21199	2	0	2	0	0
1083	21201	0	0	2	0	0
1084	21203	0	0	0	1	0
1085	21205	0	0	3	0	0
1086	21207	2	0	2	0	0
1087	21209	0	0	3	0	0
1088	21211	0	0	3	0	0
1089	21213	2	0	1	0	0
1090	21215	0	0	1	0	0
1091	21217	2	0	3	0	0
1092	21219	3	0	1	1	1
1093	21221	0	0	2	1	0
1094	21223	0	1	2	0	0
1095	21225	0	1	2	0	1
1096	21227	3	1	3	1	0
1097	21229	1	1	3	0	0
1098	21231	2	0	2	1	0
1099	21233	0	1	1	0	2
1100	21235	4	1	0	1	0
1101	21237	0	0	1	0	0
1102	21239	0	0	4	0	0
1103	22001	0	0	4	2	0
1104	22003	1	1	2	2	0
1105	22005	0	1	4	0	2
1106	22007	0	0	4	0	0
1107	22009	0	0	2	2	0
1108	22011	1	1	3	2	0
1109	22013	0	0	1	1	0
1110	22015	0	0	3	3	1
1111	22017	0	0	3	3	2
1112	22019	1	1	2	2	2
1113	22021	0	0	1	0	0
1114	22023	1	0	2	2	0
1115	22025	0	1	2	0	0
1116	22027	0	0	2	2	0
1117	22029	0	0	1	1	0
1118	22031	0	0	3	2	0
1119	22033	0	1	4	2	5
1120	22037	0	0	2	1	0
1121	22039	0	0	2	3	0
1122	22041	0	0	1	0	0
1123	22043	0	0	1	1	0
1124	22045	0	0	4	1	0
1125	22047	0	2	3	1	2
1126	22049	0	0	2	1	0
1127	22051	0	2	3	2	4
1128	22053	1	1	1	4	0
1129	22055	1	1	5	3	3
1130	22057	0	2	4	1	0
1131	22059	0	0	2	0	0
1132	22061	0	0	3	2	1
1133	22063	0	1	3	1	2
1134	22067	0	0	3	2	0
1135	22069	0	0	3	3	0
1136	22071	0	0	3	1	3
1137	22073	1	0	3	2	1
1138	22075	0	0	4	0	0
1139	22077	0	2	2	1	0
1140	22079	1	0	3	1	2
1141	22081	0	0	3	2	0
1142	22083	0	0	1	0	0
1143	22085	0	0	1	3	0
1144	22087	0	0	4	0	0
1145	22089	0	0	4	0	1
1146	22091	0	0	1	1	0
1147	22093	0	1	2	1	0
1148	22095	0	0	4	1	0
1149	22097	0	0	4	3	0
1150	22099	0	0	3	2	0
1151	22101	0	0	4	1	0
1152	22103	0	0	4	3	2
1153	22105	0	0	4	2	3
1154	22107	0	0	0	1	0
1155	22109	0	1	4	0	0
1156	22111	0	0	2	1	0
1157	22113	0	1	3	3	0
1158	22115	1	0	2	1	0
1159	22117	0	0	2	1	0
1160	22119	0	0	3	2	0
1161	22121	0	1	3	1	0
1162	22125	0	0	1	0	0
1163	22127	0	0	1	1	0
1164	23001	1	1	4	0	2
1165	23003	2	1	2	0	0
1166	23005	2	2	4	0	3
1167	23007	2	2	2	0	0
1168	23009	3	3	4	0	0
1169	23011	2	2	3	0	2
1170	23013	4	1	3	0	0
1171	23015	4	0	2	0	0
1172	23017	1	1	3	0	0
1173	23019	4	5	3	0	1
1174	23021	3	0	3	0	0
1175	23023	1	1	3	0	1
1176	23025	2	2	3	0	0
1177	23027	4	2	3	0	0
1178	23029	3	3	3	0	0
1179	23031	1	1	5	0	3
1180	24001	0	1	4	0	2
1181	24003	0	0	5	0	6
1182	24005	0	0	8	0	9
1183	24009	0	0	3	0	3
1184	24011	0	0	4	0	1
1185	24013	0	0	6	0	4
1186	24015	0	1	5	0	3
1187	24017	1	0	3	1	3
1188	24019	0	0	2	1	3
1189	24021	0	0	7	0	6
1190	24023	0	1	3	0	3
1191	24025	0	1	4	0	4
1192	24027	0	1	7	0	8
1193	24029	0	0	5	0	1
1194	24031	0	0	7	0	12
1195	24033	0	0	5	0	7
1196	24035	0	0	4	1	2
1197	24037	0	0	4	0	4
1198	24039	1	0	3	1	0
1199	24041	0	0	5	1	3
1200	24043	1	0	6	0	4
1201	24045	1	0	3	0	4
1202	24047	1	0	2	2	1
1203	24510	0	0	3	0	8
1204	25001	0	0	4	0	6
1205	25003	2	1	3	0	4
1206	25005	0	0	4	0	5
1207	25007	1	0	2	0	1
1208	25009	1	1	5	0	7
1209	25011	1	1	3	0	3
1210	25013	2	1	4	0	7
1211	25015	1	1	2	0	4
1212	25017	1	0	8	0	9
1213	25019	0	0	2	0	1
1214	25021	1	0	8	0	9
1215	25023	1	0	4	0	5
1216	25025	1	0	6	0	9
1217	25027	1	0	5	0	6
1218	26001	0	0	3	0	0
1219	26003	1	0	0	0	0
1220	26005	3	1	9	0	2
1221	26007	0	2	4	0	0
1222	26009	1	1	6	0	0
1223	26011	3	1	6	0	0
1224	26013	1	0	0	0	0
1225	26015	3	1	7	0	1
1226	26017	4	2	5	0	1
1227	26019	1	1	4	0	0
1228	26021	0	1	8	0	1
1229	26023	0	2	6	0	1
1230	26025	6	1	8	0	2
1231	26027	1	1	7	0	0
1232	26029	1	1	5	0	0
1233	26031	0	1	5	0	1
1234	26033	0	0	3	0	0
1235	26035	3	2	3	0	1
1236	26037	3	5	8	0	1
1237	26039	0	1	4	0	0
1238	26041	2	0	5	0	0
1239	26043	1	1	3	0	0
1240	26045	3	1	8	0	2
1241	26047	1	1	4	0	0
1242	26049	1	2	8	0	1
1243	26051	2	0	4	0	0
1244	26053	0	1	2	0	0
1245	26055	0	1	6	0	0
1246	26057	4	4	5	0	0
1247	26059	2	2	6	0	0
1248	26061	1	1	2	0	0
1249	26063	2	2	5	0	0
1250	26065	2	2	9	0	5
1251	26067	3	3	9	0	1
1252	26069	1	0	4	0	0
1253	26071	0	1	4	0	0
1254	26073	5	3	5	0	1
1255	26075	2	2	8	0	2
1256	26077	2	0	9	1	2
1257	26079	0	1	5	0	0
1258	26081	4	2	10	0	5
1259	26083	1	2	0	0	0
1260	26085	4	0	2	0	0
1261	26087	1	2	5	0	0
1262	26089	0	1	4	0	0
1263	26091	3	2	4	0	1
1264	26093	1	2	8	0	2
1265	26095	0	0	2	0	0
1266	26097	1	1	3	0	0
1267	26099	0	2	8	0	4
1268	26101	2	0	4	0	0
1269	26103	2	0	4	0	0
1270	26105	3	0	6	0	0
1271	26107	4	1	5	0	0
1272	26109	0	0	3	0	0
1273	26111	6	3	5	0	1
1274	26113	1	0	4	0	0
1275	26115	1	2	6	0	2
1276	26117	4	2	7	0	0
1277	26119	0	2	3	0	1
1278	26121	3	0	8	0	1
1279	26123	7	0	6	0	0
1280	26125	0	3	9	1	8
1281	26127	6	0	6	0	0
1282	26129	2	0	6	0	1
1283	26133	3	1	3	0	0
1284	26135	0	0	3	0	1
1285	26137	2	2	6	0	1
1286	26139	3	1	10	0	4
1287	26141	0	2	4	0	0
1288	26143	0	1	4	0	0
1289	26145	4	4	8	0	3
1290	26147	1	2	5	0	3
1291	26149	0	1	7	0	2
1292	26151	1	2	5	0	1
1293	26153	0	0	2	0	0
1294	26155	4	3	8	0	0
1295	26157	2	2	5	0	0
1296	26159	3	0	8	0	0
1297	26161	0	3	9	1	3
1298	26163	0	1	9	1	7
1299	26165	2	0	5	0	0
1300	27001	4	0	3	0	0
1301	27003	1	1	7	0	2
1302	27005	3	0	3	0	2
1303	27007	2	1	3	0	0
1304	27009	2	2	5	0	0
1305	27011	2	2	2	0	0
1306	27013	4	1	6	0	0
1307	27015	3	1	4	0	0
1308	27017	2	1	5	0	0
1309	27019	3	0	9	0	0
1310	27021	5	1	5	0	0
1311	27023	5	1	3	0	0
1312	27025	3	1	4	0	0
1313	27027	0	4	4	0	0
1314	27029	2	0	2	0	0
1315	27031	0	0	1	0	0
1316	27033	6	2	3	0	0
1317	27035	2	0	5	0	0
1318	27037	1	2	10	0	3
1319	27039	2	2	3	0	0
1320	27041	3	3	4	0	0
1321	27043	2	2	3	0	0
1322	27045	1	2	4	0	0
1323	27047	2	2	5	0	0
1324	27049	2	2	5	0	0
1325	27051	1	3	2	0	0
1326	27053	2	2	11	0	6
1327	27055	0	1	2	0	0
1328	27057	4	1	2	0	0
1329	27059	2	1	5	0	0
1330	27061	3	0	4	0	0
1331	27063	6	2	4	0	0
1332	27065	2	1	3	0	0
1333	27067	5	0	5	0	0
1334	27069	0	1	1	0	0
1335	27071	1	1	2	0	0
1336	27073	3	2	3	0	0
1337	27075	0	1	3	0	0
1338	27077	1	0	2	0	0
1339	27079	4	2	5	0	0
1340	27081	2	2	3	0	0
1341	27083	3	3	3	0	0
1342	27085	5	0	1	0	0
1343	27087	1	0	2	0	0
1344	27089	1	2	2	0	0
1345	27091	3	2	2	0	0
1346	27093	5	0	2	0	0
1347	27095	3	1	5	0	0
1348	27097	4	1	4	0	0
1349	27099	3	1	4	0	0
1350	27101	4	2	3	0	0
1351	27103	3	0	5	0	0
1352	27105	5	1	3	0	0
1353	27107	1	1	0	0	0
1354	27109	3	2	6	0	1
1355	27111	4	5	4	0	0
1356	27113	1	1	1	0	0
1357	27115	3	1	3	0	0
1358	27117	2	3	3	0	0
1359	27119	1	2	5	0	0
1360	27121	4	1	1	0	0
1361	27123	1	2	7	0	4
1362	27125	1	0	2	0	0
1363	27127	3	1	2	0	0
1364	27129	5	1	2	0	0
1365	27131	3	0	7	0	2
1366	27133	1	4	3	0	0
1367	27135	0	0	2	0	0
1368	27137	5	2	5	0	0
1369	27139	1	0	8	0	1
1370	27141	0	2	6	0	1
1371	27143	4	0	3	0	0
1372	27145	5	1	5	0	1
1373	27147	2	2	5	0	0
1374	27149	2	1	1	0	0
1375	27151	4	1	2	0	0
1376	27153	4	3	1	0	0
1377	27155	2	1	2	0	0
1378	27157	1	2	2	0	0
1379	27159	3	3	1	0	0
1380	27161	3	1	4	0	0
1381	27163	0	2	7	0	1
1382	27165	3	1	4	0	0
1383	27167	2	4	2	0	0
1384	27169	1	1	5	0	0
1385	27171	3	1	7	0	1
1386	27173	3	3	2	0	0
1387	28001	0	0	3	0	0
1388	28003	0	0	3	1	0
1389	28005	0	0	1	1	0
1390	28007	0	0	1	1	0
1391	28009	0	0	2	1	1
1392	28011	0	0	2	1	0
1393	28013	1	0	3	2	0
1394	28015	0	0	0	2	0
1395	28017	1	0	2	2	0
1396	28019	0	0	0	1	0
1397	28021	0	0	1	0	0
1398	28023	1	0	2	0	0
1399	28025	0	0	3	0	0
1400	28027	0	0	2	0	2
1401	28029	0	0	3	0	0
1402	28031	0	0	2	1	1
1403	28033	0	0	3	0	1
1404	28035	0	0	3	2	1
1405	28037	0	0	1	1	0
1406	28039	0	0	3	1	1
1407	28041	1	0	1	0	0
1408	28043	1	0	2	0	0
1409	28045	0	0	3	1	0
1410	28047	0	0	3	1	1
1411	28049	0	0	3	1	2
1412	28051	0	0	2	0	0
1413	28053	0	0	2	0	0
1414	28057	0	0	1	2	1
1415	28059	0	0	3	1	2
1416	28061	0	0	2	0	0
1417	28063	0	0	1	0	0
1418	28065	0	0	1	0	0
1419	28067	0	0	3	2	1
1420	28069	0	0	1	1	0
1421	28071	0	0	2	3	1
1422	28073	0	0	2	1	1
1423	28075	0	0	3	0	3
1424	28077	0	0	1	0	0
1425	28079	0	0	1	1	0
1426	28081	0	0	4	2	1
1427	28083	0	0	3	2	0
1428	28085	0	0	2	1	2
1429	28087	0	0	3	1	2
1430	28089	0	0	3	1	2
1431	28091	1	0	2	1	1
1432	28093	0	0	2	1	0
1433	28095	0	0	2	3	1
1434	28097	0	0	2	0	0
1435	28099	0	0	3	1	1
1436	28101	0	0	3	1	0
1437	28103	0	0	1	0	0
1438	28105	0	1	4	1	0
1439	28107	0	0	2	1	0
1440	28109	0	0	2	1	0
1441	28111	0	0	2	1	0
1442	28113	0	0	3	1	0
1443	28115	0	0	4	3	0
1444	28117	0	0	3	1	1
1445	28119	0	0	2	1	0
1446	28121	0	0	3	0	3
1447	28123	0	0	2	1	0
1448	28127	0	0	1	0	1
1449	28129	0	0	3	1	0
1450	28131	0	0	1	1	1
1451	28133	0	0	1	3	0
1452	28135	0	0	3	1	0
1453	28137	0	0	2	1	0
1454	28139	0	0	3	2	1
1455	28141	0	0	4	2	0
1456	28143	0	0	3	0	1
1457	28145	1	0	3	2	1
1458	28147	0	0	1	0	0
1459	28149	0	0	3	1	1
1460	28151	0	0	3	1	0
1461	28153	1	0	1	0	0
1462	28155	1	0	0	1	1
1463	28157	0	0	1	1	0
1464	28159	0	0	1	1	1
1465	28161	1	0	2	3	0
1466	28163	0	0	1	0	1
1467	29001	2	0	2	0	0
1468	29003	4	0	1	1	0
1469	29005	0	0	2	0	0
1470	29007	4	2	1	0	0
1471	29009	2	1	2	2	0
1472	29011	2	5	1	1	1
1473	29013	4	4	1	1	0
1474	29015	3	0	2	0	0
1475	29017	2	0	0	1	0
1476	29019	4	1	2	0	3
1477	29021	7	1	2	1	1
1478	29023	3	0	1	3	0
1479	29025	2	1	2	0	0
1480	29027	4	2	3	0	0
1481	29029	3	1	3	0	0
1482	29031	2	1	2	1	1
1483	29033	4	1	2	0	0
1484	29035	2	0	1	0	0
1485	29037	5	4	4	1	1
1486	29039	4	3	1	0	0
1487	29041	3	0	2	0	0
1488	29043	5	3	2	1	1
1489	29045	2	0	2	0	0
1490	29047	5	2	5	1	3
1491	29049	7	2	3	1	0
1492	29051	3	0	2	1	1
1493	29053	2	0	3	1	0
1494	29055	3	1	2	0	0
1495	29057	1	2	1	1	0
1496	29059	2	3	2	0	0
1497	29061	3	0	2	0	0
1498	29063	5	1	1	0	1
1499	29065	1	1	1	0	0
1500	29067	3	1	2	0	0
1501	29069	2	1	0	3	0
1502	29071	3	2	5	1	1
1503	29073	3	1	2	1	0
1504	29075	4	0	2	0	0
1505	29077	5	4	4	1	2
1506	29079	1	0	0	1	0
1507	29081	2	0	1	0	0
1508	29083	3	0	1	0	0
1509	29085	2	1	3	0	0
1510	29087	3	0	1	0	0
1511	29089	3	0	2	0	0
1512	29091	3	2	2	0	0
1513	29093	0	0	1	0	0
1514	29095	5	2	5	3	5
1515	29097	4	5	3	1	2
1516	29099	3	0	5	0	1
1517	29101	3	0	4	1	0
1518	29103	1	0	2	0	0
1519	29105	3	2	3	0	0
1520	29107	4	2	3	1	0
1521	29109	3	2	2	1	0
1522	29111	1	1	1	0	0
1523	29113	1	0	3	0	1
1524	29115	2	0	1	1	0
1525	29117	3	1	1	0	1
1526	29119	1	0	3	2	0
1527	29121	1	0	2	0	0
1528	29123	3	0	1	0	0
1529	29125	2	0	1	0	0
1530	29127	2	2	2	0	0
1531	29129	1	0	0	0	0
1532	29131	3	0	2	0	0
1533	29133	1	0	0	2	0
1534	29135	3	0	2	0	0
1535	29137	2	1	1	0	0
1536	29139	2	1	3	0	0
1537	29141	2	0	2	0	0
1538	29143	2	0	0	2	0
1539	29145	2	2	3	3	0
1540	29147	3	0	2	1	0
1541	29149	2	1	2	0	0
1542	29151	2	0	2	0	0
1543	29153	2	0	1	0	0
1544	29155	2	0	1	3	0
1545	29157	2	1	1	0	0
1546	29159	3	1	4	0	0
1547	29161	3	1	2	0	0
1548	29163	2	1	2	0	0
1549	29165	5	1	6	1	1
1550	29167	5	2	3	0	0
1551	29169	2	1	3	0	1
1552	29171	2	0	0	0	0
1553	29173	2	1	1	0	0
1554	29175	3	0	3	0	0
1555	29177	7	2	2	0	1
1556	29179	1	0	1	0	0
1557	29181	2	0	0	0	0
1558	29183	2	0	4	1	3
1559	29185	1	0	1	0	0
1560	29186	1	0	2	0	0
1561	29187	4	0	3	0	0
1562	29189	2	1	5	1	4
1563	29195	3	3	2	0	0
1564	29197	2	0	0	0	0
1565	29199	2	0	2	0	0
1566	29201	2	0	2	1	1
1567	29203	2	0	2	0	0
1568	29205	2	0	1	0	0
1569	29207	2	0	1	3	0
1570	29209	3	0	1	1	0
1571	29211	1	0	0	0	0
1572	29213	4	0	2	1	2
1573	29215	2	0	2	0	0
1574	29217	2	7	1	0	0
1575	29219	2	0	4	0	0
1576	29221	3	1	2	0	0
1577	29223	2	0	1	1	0
1578	29225	3	2	2	0	0
1579	29227	1	0	0	0	0
1580	29229	3	0	2	0	0
1581	29510	2	0	4	1	6
1582	30001	1	1	2	0	0
1583	30003	0	5	2	0	0
1584	30005	0	2	1	0	0
1585	30007	1	1	2	0	0
1586	30009	0	5	3	0	0
1587	30011	1	2	0	0	0
1588	30013	2	2	2	0	1
1589	30015	2	1	0	0	0
1590	30017	0	1	2	0	0
1591	30019	0	1	0	0	0
1592	30021	0	1	2	0	0
1593	30023	0	0	2	0	0
1594	30025	1	1	0	0	0
1595	30027	1	2	2	0	1
1596	30029	2	3	4	0	0
1597	30031	2	2	5	0	1
1598	30033	0	1	0	0	0
1599	30035	1	1	2	0	0
1600	30037	0	2	0	0	0
1601	30041	0	2	3	0	0
1602	30043	2	0	2	0	0
1603	30045	2	2	0	0	0
1604	30047	1	1	2	0	0
1605	30049	2	1	3	0	0
1606	30051	1	1	0	0	0
1607	30053	1	0	3	0	0
1608	30055	0	2	0	0	0
1609	30057	2	1	1	0	0
1610	30059	1	1	1	0	0
1611	30061	0	1	0	0	0
1612	30063	1	3	3	0	3
1613	30065	0	2	0	0	0
1614	30067	0	3	3	0	0
1615	30069	0	1	0	0	0
1616	30071	0	2	2	0	0
1617	30073	1	2	2	0	0
1618	30075	0	1	0	0	0
1619	30077	0	0	1	0	0
1620	30079	0	1	0	0	0
1621	30081	0	1	2	0	0
1622	30083	0	2	1	0	1
1623	30085	0	2	1	0	1
1624	30087	0	2	2	0	0
1625	30089	0	1	1	0	0
1626	30091	0	1	0	0	0
1627	30093	2	2	2	0	1
1628	30095	0	5	2	0	0
1629	30097	0	1	0	0	0
1630	30099	2	1	1	0	0
1631	30101	1	0	3	0	0
1632	30103	0	1	0	0	0
1633	30105	0	3	0	0	0
1634	30107	0	2	1	0	0
1635	30109	0	1	1	0	0
1636	30111	0	8	4	0	2
1637	31001	3	2	2	0	0
1638	31003	1	3	2	0	0
1639	31007	1	0	1	0	0
1640	31009	1	0	0	0	0
1641	31011	1	3	2	0	0
1642	31013	4	0	1	0	0
1643	31015	0	2	1	0	0
1644	31017	1	1	2	0	0
1645	31019	2	2	5	0	0
1646	31021	2	3	1	0	0
1647	31023	0	2	1	0	0
1648	31025	2	2	2	0	1
1649	31027	1	5	1	0	0
1650	31029	0	2	0	0	0
1651	31031	1	1	1	0	0
1652	31033	4	1	2	0	0
1653	31035	2	3	1	0	0
1654	31037	2	4	2	0	0
1655	31039	1	4	1	0	0
1656	31041	3	2	1	0	0
1657	31043	3	1	2	1	0
1658	31045	2	2	2	0	0
1659	31047	3	1	4	0	0
1660	31049	1	1	1	0	0
1661	31051	0	3	1	0	0
1662	31053	2	3	3	0	0
1663	31055	1	1	5	0	3
1664	31057	0	2	2	0	0
1665	31059	2	3	2	0	0
1666	31061	0	3	1	0	0
1667	31063	1	1	1	0	0
1668	31065	2	0	2	0	0
1669	31067	0	3	2	0	0
1670	31069	1	0	1	0	0
1671	31071	2	0	0	0	0
1672	31073	3	0	2	0	0
1673	31077	2	2	1	0	0
1674	31079	4	2	3	0	1
1675	31081	2	2	2	0	0
1676	31083	2	3	3	0	0
1677	31085	0	2	0	0	0
1678	31087	1	3	1	0	0
1679	31089	2	3	2	0	0
1680	31091	0	1	0	0	0
1681	31093	3	1	2	0	0
1682	31095	1	3	2	0	0
1683	31097	0	2	2	0	0
1684	31099	2	3	3	0	0
1685	31101	1	2	3	0	0
1686	31103	0	1	0	0	0
1687	31105	3	0	1	0	0
1688	31107	0	2	1	0	0
1689	31109	1	4	5	0	2
1690	31111	2	1	4	0	0
1691	31113	1	1	0	0	0
1692	31115	1	1	0	0	0
1693	31117	1	1	0	0	0
1694	31119	1	2	5	0	0
1695	31121	2	2	2	0	0
1696	31123	3	0	1	0	0
1697	31125	1	3	2	0	0
1698	31127	2	1	3	0	0
1699	31129	2	3	1	0	0
1700	31131	1	2	3	0	0
1701	31133	0	2	2	0	0
1702	31135	0	1	0	0	0
1703	31137	2	3	4	0	0
1704	31139	2	2	1	0	0
1705	31141	2	4	4	0	0
1706	31143	1	1	2	0	0
1707	31145	2	2	3	0	0
1708	31147	1	0	2	0	0
1709	31149	2	1	0	0	0
1710	31151	1	2	2	0	0
1711	31153	1	1	4	0	2
1712	31155	0	1	3	0	0
1713	31157	3	0	2	0	1
1714	31159	1	3	2	0	0
1715	31161	1	2	1	0	0
1716	31163	2	0	1	0	0
1717	31165	4	1	1	0	0
1718	31167	3	4	2	0	0
1719	31169	1	4	2	0	0
1720	31171	0	1	0	0	0
1721	31173	0	3	2	0	0
1722	31175	2	0	1	0	0
1723	31177	0	3	3	0	0
1724	31179	2	2	1	0	0
1725	31181	1	3	0	0	0
1726	31183	1	2	0	0	0
1727	31185	2	3	4	0	0
1728	32001	1	0	2	0	0
1729	32003	2	1	5	1	12
1730	32005	1	0	3	0	2
1731	32007	1	1	3	0	2
1732	32009	0	0	1	0	0
1733	32011	1	0	2	0	0
1734	32013	2	1	2	0	0
1735	32015	1	0	1	0	0
1736	32017	0	0	1	0	0
1737	32019	1	0	3	0	3
1738	32023	0	0	3	1	1
1739	32027	0	2	2	0	1
1740	32029	0	1	3	0	2
1741	32031	0	1	4	0	6
1742	32033	1	1	1	0	1
1743	32510	0	0	4	0	2
1744	33001	1	0	4	0	2
1745	33003	2	0	5	0	1
1746	33005	0	0	4	0	1
1747	33007	1	0	2	0	0
1748	33009	1	1	4	0	2
1749	33011	1	1	4	0	3
1750	33013	1	1	5	0	3
1751	33015	0	0	6	0	3
1752	33017	1	0	4	0	1
1753	33019	1	0	4	0	1
1754	34001	0	0	4	0	5
1755	34003	0	0	6	0	7
1756	34005	0	1	5	0	6
1757	34007	0	0	5	0	5
1758	34009	0	0	4	0	4
1759	34011	0	0	4	0	4
1760	34013	0	0	7	0	9
1761	34015	0	0	5	0	6
1762	34017	0	0	7	0	13
1763	34019	0	1	5	0	3
1764	34021	0	0	7	0	7
1765	34023	0	0	7	0	8
1766	34025	0	0	5	0	4
1767	34027	0	1	5	0	5
1768	34029	0	0	6	0	4
1769	34031	0	0	5	0	5
1770	34033	0	0	4	0	3
1771	34035	0	0	6	0	6
1772	34037	0	0	5	0	3
1773	34039	0	0	6	0	6
1774	34041	0	1	6	0	5
1775	35001	2	2	5	1	5
1776	35005	0	2	3	2	1
1777	35006	1	0	3	3	0
1778	35007	0	1	1	0	1
1779	35009	0	2	2	2	0
1780	35011	0	2	1	1	0
1781	35013	1	2	4	2	1
1782	35015	1	2	3	3	1
1783	35017	2	0	2	0	0
1784	35019	0	1	2	0	0
1785	35021	0	0	1	0	0
1786	35023	1	0	2	0	0
1787	35025	1	2	3	4	0
1788	35027	2	0	2	1	0
1789	35028	2	0	4	0	0
1790	35029	1	0	3	0	0
1791	35031	0	0	4	2	0
1792	35033	0	0	2	1	0
1793	35035	1	0	2	3	0
1794	35037	0	1	2	1	0
1795	35039	2	0	4	1	0
1796	35041	1	2	3	1	0
1797	35043	2	0	6	1	1
1798	35045	0	3	4	1	2
1799	35047	0	1	4	1	0
1800	35049	2	3	4	0	2
1801	35051	1	0	1	0	0
1802	35053	1	0	2	0	0
1803	35055	1	0	3	0	0
1804	35057	1	1	3	0	0
1805	35059	1	0	1	0	0
1806	35061	0	1	4	0	1
1807	36001	1	2	3	0	4
1808	36003	0	0	2	0	1
1809	36005	0	0	4	0	7
1810	36007	2	0	4	0	2
1811	36009	1	0	4	0	1
1812	36011	2	1	3	0	3
1813	36013	1	0	2	0	2
1814	36015	1	0	3	0	2
1815	36017	3	0	2	0	0
1816	36019	1	3	3	0	1
1817	36021	3	2	4	0	0
1818	36023	1	0	2	0	1
1819	36025	6	1	2	0	2
1820	36027	2	2	5	0	6
1821	36029	1	0	4	0	8
1822	36031	1	4	4	0	0
1823	36033	1	2	2	0	0
1824	36035	0	0	2	0	0
1825	36037	0	0	3	0	4
1826	36039	3	2	2	0	1
1827	36041	1	0	1	0	0
1828	36043	1	0	3	0	2
1829	36045	1	2	3	0	1
1830	36047	2	0	5	0	10
1831	36049	0	0	2	0	0
1832	36051	0	0	2	0	2
1833	36053	1	0	2	0	3
1834	36055	1	0	5	0	6
1835	36057	0	0	3	0	2
1836	36059	1	1	3	0	7
1837	36061	1	1	7	0	18
1838	36063	0	0	4	0	3
1839	36065	1	1	3	0	3
1840	36067	1	0	4	0	4
1841	36069	0	0	4	0	3
1842	36071	1	0	5	0	5
1843	36073	0	0	4	0	1
1844	36075	0	0	3	0	1
1845	36077	1	0	3	0	4
1846	36079	1	0	5	0	2
1847	36081	1	0	4	0	8
1848	36083	2	2	2	0	3
1849	36085	1	0	3	0	4
1850	36087	1	0	3	0	4
1851	36089	2	2	2	0	1
1852	36091	2	1	3	0	4
1853	36093	2	0	2	0	3
1854	36095	3	1	3	0	1
1855	36097	1	0	2	0	0
1856	36099	2	0	2	0	1
1857	36101	0	0	3	0	1
1858	36103	1	0	5	0	5
1859	36105	2	0	4	0	0
1860	36107	1	0	3	0	1
1861	36109	2	1	4	0	2
1862	36111	3	0	4	0	2
1863	36113	0	1	3	0	2
1864	36115	1	1	2	0	1
1865	36117	1	0	3	0	2
1866	36119	1	0	6	0	5
1867	36121	0	0	3	0	1
1868	36123	0	0	3	0	0
1869	37001	0	1	2	1	2
1870	37003	1	1	1	0	0
1871	37005	0	1	1	0	0
1872	37007	0	0	1	1	0
1873	37009	1	2	1	0	0
1874	37011	2	1	0	0	0
1875	37013	0	0	3	1	0
1876	37015	0	0	1	1	0
1877	37017	0	0	2	0	0
1878	37019	0	0	2	0	1
1879	37021	1	1	3	0	2
1880	37023	2	1	2	0	0
1881	37025	1	0	4	0	2
1882	37027	1	2	2	0	0
1883	37029	0	0	1	0	0
1884	37031	0	0	2	1	0
1885	37033	1	0	2	1	0
1886	37035	2	0	2	0	1
1887	37037	0	1	3	1	1
1888	37039	3	0	2	0	0
1889	37041	0	0	2	0	0
1890	37043	2	0	2	0	0
1891	37045	1	0	2	1	0
1892	37047	0	1	1	0	0
1893	37049	0	0	3	1	1
1894	37051	0	0	3	0	4
1895	37053	0	0	2	0	1
1896	37055	0	0	2	1	0
1897	37057	1	1	3	0	1
1898	37059	1	0	2	0	1
1899	37061	0	0	2	1	0
1900	37063	2	0	3	1	5
1901	37065	0	0	3	1	0
1902	37067	2	0	3	0	5
1903	37069	0	0	2	0	1
1904	37071	0	0	2	1	3
1905	37073	0	0	1	1	0
1906	37075	1	1	2	0	0
1907	37077	1	0	3	0	1
1908	37079	0	0	3	2	0
1909	37081	2	1	3	0	3
1910	37083	0	0	3	2	0
1911	37085	0	0	3	1	1
1912	37087	1	0	1	0	0
1913	37089	2	1	2	0	0
1914	37091	0	0	2	2	0
1915	37093	0	0	1	1	0
1916	37095	0	0	1	0	0
1917	37097	1	1	2	0	2
1918	37099	3	1	3	0	0
1919	37101	0	0	3	1	1
1920	37103	0	0	2	1	0
1921	37105	0	0	3	1	0
1922	37107	0	0	3	2	0
1923	37109	1	0	1	1	1
1924	37111	4	0	3	0	0
1925	37113	2	0	2	0	0
1926	37115	2	0	3	0	0
1927	37117	0	0	3	1	0
1928	37119	0	0	4	2	7
1929	37121	3	0	2	0	0
1930	37123	0	1	2	1	0
1931	37125	0	1	2	2	1
1932	37127	0	0	3	1	1
1933	37129	1	0	2	2	1
1934	37131	0	0	1	1	0
1935	37133	0	0	2	1	0
1936	37135	1	0	3	1	1
1937	37137	0	0	3	1	0
1938	37139	0	0	3	2	1
1939	37141	0	0	1	1	0
1940	37143	1	0	1	1	0
1941	37145	1	0	3	1	0
1942	37147	0	0	3	1	1
1943	37149	1	1	1	1	0
1944	37151	0	1	3	0	1
1945	37153	0	0	2	1	1
1946	37155	0	1	2	2	0
1947	37157	0	0	2	0	0
1948	37159	1	0	3	0	1
1949	37161	1	0	2	2	1
1950	37163	0	0	3	2	0
1951	37165	0	0	2	1	1
1952	37167	0	0	3	0	0
1953	37169	1	0	2	0	1
1954	37171	1	0	2	0	0
1955	37173	1	1	2	0	0
1956	37175	1	1	2	0	1
1957	37177	0	0	1	0	0
1958	37179	0	0	4	0	1
1959	37181	0	0	2	0	1
1960	37183	0	0	4	1	7
1961	37185	0	0	2	0	0
1962	37187	0	0	1	0	0
1963	37189	0	2	2	0	0
1964	37191	0	0	3	2	0
1965	37193	1	1	3	0	0
1966	37195	0	0	3	3	0
1967	37197	1	0	1	0	1
1968	37199	2	0	2	0	0
1969	38001	1	1	0	0	0
1970	38003	1	3	2	0	0
1971	38005	0	1	0	0	0
1972	38007	0	0	1	0	0
1973	38009	1	2	0	0	0
1974	38011	0	1	1	0	0
1975	38015	0	1	3	0	0
1976	38017	0	3	3	0	1
1977	38019	1	2	0	0	0
1978	38023	0	1	0	0	0
1979	38025	0	1	1	0	0
1980	38027	1	2	0	0	0
1981	38029	0	0	1	0	0
1982	38031	1	2	0	0	0
1983	38033	0	1	0	0	0
1984	38035	0	2	3	0	0
1985	38037	1	0	1	0	0
1986	38039	1	3	0	0	0
1987	38043	1	0	0	0	0
1988	38045	1	0	0	0	0
1989	38047	1	0	0	0	0
1990	38049	1	4	0	0	0
1991	38053	0	3	0	0	0
1992	38055	0	2	0	0	0
1993	38057	0	1	0	0	0
1994	38059	0	1	2	0	0
1995	38061	0	1	0	0	0
1996	38063	0	2	0	0	0
1997	38065	0	1	0	0	0
1998	38067	1	2	0	0	0
1999	38069	1	3	0	0	0
2000	38071	0	2	1	0	0
2001	38073	0	1	0	0	0
2002	38075	0	2	0	0	0
2003	38077	1	3	1	0	0
2004	38079	1	3	0	0	0
2005	38081	1	0	1	0	0
2006	38083	0	2	0	0	0
2007	38085	1	0	0	0	0
2008	38089	0	1	3	0	0
2009	38091	0	2	1	0	0
2010	38093	1	1	2	0	0
2011	38095	2	2	0	0	0
2012	38097	0	2	1	0	0
2013	38099	0	2	2	0	0
2014	38101	0	3	3	0	0
2015	38103	1	3	0	0	0
2016	38105	0	3	3	0	0
2017	39001	1	0	5	0	0
2018	39003	2	5	4	0	1
2019	39005	1	1	4	0	1
2020	39007	1	2	3	0	2
2021	39009	3	2	4	1	0
2022	39011	2	5	3	0	1
2023	39013	2	1	7	0	0
2024	39015	2	2	5	0	0
2025	39017	2	1	7	0	4
2026	39019	0	2	5	0	0
2027	39021	2	2	4	0	1
2028	39023	1	2	4	0	2
2029	39025	1	1	5	0	2
2030	39027	0	1	4	0	2
2031	39029	0	2	6	0	0
2032	39031	0	2	5	0	0
2033	39033	1	2	4	0	0
2034	39035	0	2	8	0	6
2035	39037	4	2	5	0	1
2036	39039	4	5	3	0	0
2037	39041	1	3	7	0	4
2038	39043	0	2	5	0	1
2039	39045	2	2	5	0	4
2040	39047	1	1	5	0	2
2041	39049	4	3	6	0	8
2042	39051	2	4	4	0	0
2043	39053	0	2	4	1	1
2044	39055	1	1	4	1	2
2045	39057	0	1	5	0	3
2046	39059	1	2	5	1	0
2047	39061	1	1	4	1	4
2048	39063	2	3	4	0	2
2049	39065	2	2	4	0	0
2050	39067	0	2	5	0	0
2051	39069	4	4	4	0	0
2052	39071	4	1	4	0	0
2053	39073	3	1	4	0	0
2054	39075	1	3	4	0	0
2055	39077	0	2	4	0	0
2056	39079	4	1	4	0	0
2057	39081	1	1	5	1	2
2058	39083	0	1	5	0	1
2059	39085	1	2	4	0	3
2060	39087	0	3	4	0	1
2061	39089	1	2	5	0	2
2062	39091	3	1	3	0	1
2063	39093	1	2	6	0	2
2064	39095	3	3	8	0	4
2065	39097	0	3	6	0	1
2066	39099	1	2	5	1	3
2067	39101	3	2	6	0	2
2068	39103	3	3	6	0	1
2069	39105	1	1	3	1	0
2070	39107	2	4	5	0	0
2071	39109	1	1	4	0	2
2072	39111	4	0	2	0	1
2073	39113	4	1	5	0	7
2074	39115	1	1	3	0	0
2075	39117	2	2	5	0	0
2076	39119	1	1	5	0	1
2077	39121	1	0	4	1	0
2078	39123	0	1	4	0	0
2079	39125	4	3	2	0	0
2080	39127	3	0	5	0	0
2081	39129	2	1	4	0	1
2082	39131	3	0	4	0	0
2083	39133	1	1	7	1	3
2084	39135	2	1	5	0	1
2085	39137	3	3	3	0	0
2086	39139	2	1	5	0	2
2087	39141	3	2	5	0	2
2088	39143	0	1	4	0	0
2089	39145	2	1	4	0	1
2090	39147	1	3	5	0	0
2091	39149	1	2	4	0	0
2092	39151	1	2	5	0	4
2093	39153	4	1	5	0	5
2094	39155	1	1	6	1	1
2095	39157	1	2	5	0	2
2096	39159	1	4	6	0	2
2097	39161	2	3	4	0	0
2098	39163	3	1	3	0	0
2099	39165	2	2	5	0	2
2100	39167	4	1	4	1	2
2101	39169	4	2	4	0	2
2102	39171	4	3	4	0	1
2103	39173	2	2	5	0	2
2104	39175	3	2	3	0	1
2105	40001	0	2	3	2	0
2106	40003	0	3	2	1	0
2107	40005	1	1	1	1	0
2108	40007	0	0	1	1	0
2109	40009	1	0	2	0	0
2110	40011	0	0	1	1	0
2111	40013	0	2	1	2	0
2112	40015	2	0	2	1	0
2113	40017	2	1	7	0	1
2114	40019	1	0	4	1	1
2115	40021	1	2	2	3	0
2116	40023	0	0	1	4	0
2117	40025	0	0	1	0	0
2118	40027	2	1	5	1	2
2119	40029	1	1	0	1	0
2120	40031	2	3	4	1	2
2121	40033	1	0	1	1	0
2122	40035	2	5	4	1	0
2123	40037	1	5	6	1	0
2124	40039	1	0	2	1	0
2125	40041	0	3	4	3	0
2126	40043	1	0	0	0	0
2127	40045	1	0	1	1	0
2128	40047	0	2	4	1	0
2129	40049	2	1	5	1	0
2130	40051	2	0	3	1	0
2131	40053	0	2	0	0	0
2132	40055	0	1	0	0	0
2133	40057	0	0	1	0	0
2134	40059	0	0	1	0	0
2135	40061	0	1	1	3	0
2136	40063	1	1	1	2	0
2137	40065	0	1	2	0	0
2138	40067	1	0	2	2	0
2139	40069	1	1	2	1	0
2140	40071	0	3	4	0	0
2141	40073	0	0	4	0	0
2142	40075	0	1	1	0	0
2143	40077	0	1	1	1	0
2144	40079	1	1	2	4	1
2145	40081	0	3	5	0	0
2146	40083	0	0	5	0	0
2147	40085	0	0	6	0	0
2148	40087	1	0	5	1	0
2149	40089	1	0	2	3	0
2150	40091	0	1	1	3	0
2151	40093	0	1	2	1	0
2152	40095	0	2	2	1	0
2153	40097	3	3	4	1	2
2154	40099	1	0	3	1	0
2155	40101	2	2	4	4	0
2156	40103	0	2	1	1	0
2157	40105	1	5	2	1	0
2158	40107	0	3	1	0	0
2159	40109	4	1	7	1	3
2160	40111	2	4	3	1	0
2161	40113	1	9	5	0	2
2162	40115	1	2	4	2	0
2163	40117	0	2	3	0	0
2164	40119	0	3	6	1	0
2165	40121	0	2	2	3	1
2166	40123	1	1	3	2	1
2167	40125	2	1	6	1	1
2168	40127	0	1	0	1	0
2169	40129	1	0	1	0	0
2170	40131	3	4	4	1	0
2171	40133	1	1	2	1	1
2172	40135	1	1	2	3	1
2173	40137	1	0	3	1	0
2174	40139	0	1	2	0	0
2175	40141	1	1	0	0	0
2176	40143	5	5	4	3	3
2177	40145	2	3	3	2	0
2178	40147	1	5	5	0	1
2179	40149	0	0	1	0	0
2180	40151	0	3	2	1	0
2181	40153	1	0	3	1	0
2182	41001	2	1	3	0	0
2183	41003	3	3	4	0	1
2184	41005	2	3	5	0	3
2185	41007	1	0	3	0	1
2186	41009	1	1	6	0	1
2187	41011	3	2	5	0	2
2188	41013	2	5	1	0	1
2189	41015	2	0	2	0	0
2190	41017	2	4	4	0	2
2191	41019	2	2	5	0	1
2192	41021	1	2	2	0	0
2193	41023	2	0	3	0	0
2194	41025	1	1	2	0	0
2195	41027	1	1	4	0	0
2196	41029	3	2	5	0	2
2197	41031	2	4	3	0	1
2198	41033	1	0	4	0	2
2199	41035	2	2	3	0	1
2200	41037	1	1	2	0	0
2201	41039	4	4	4	0	3
2202	41041	4	1	3	0	1
2203	41043	5	3	5	0	1
2204	41045	2	3	5	0	1
2205	41047	4	4	6	1	4
2206	41049	3	2	2	0	0
2207	41051	3	2	7	0	4
2208	41053	4	3	5	0	0
2209	41055	1	1	2	0	0
2210	41057	4	0	3	0	0
2211	41059	3	1	4	0	1
2212	41061	2	0	4	0	0
2213	41063	3	1	3	0	0
2214	41065	1	3	4	0	1
2215	41067	2	1	7	0	4
2216	41069	0	0	1	0	0
2217	41071	4	1	7	0	0
2218	42001	1	0	6	0	3
2219	42003	3	2	4	0	7
2220	42005	2	1	4	0	1
2221	42007	1	2	4	0	1
2222	42009	1	0	5	0	2
2223	42011	1	3	5	0	5
2224	42013	3	0	4	0	4
2225	42015	3	4	5	0	2
2226	42017	0	1	6	0	5
2227	42019	2	1	3	0	4
2228	42021	3	1	4	0	2
2229	42023	0	1	1	0	1
2230	42025	1	3	5	0	2
2231	42027	3	2	5	0	1
2232	42029	1	1	6	0	6
2233	42031	1	1	4	0	2
2234	42033	3	1	4	0	0
2235	42035	3	1	3	0	1
2236	42037	2	1	5	0	3
2237	42039	2	1	2	0	2
2238	42041	3	1	5	0	4
2239	42043	3	2	5	0	4
2240	42045	1	1	5	0	6
2241	42047	0	1	3	0	1
2242	42049	1	1	3	0	4
2243	42051	2	2	4	0	2
2244	42053	0	1	2	0	0
2245	42055	1	0	5	0	2
2246	42057	0	0	5	0	1
2247	42059	2	0	5	0	0
2248	42061	2	0	5	0	2
2249	42063	3	1	3	0	0
2250	42065	1	2	4	0	0
2251	42067	2	0	3	0	0
2252	42069	0	3	4	0	3
2253	42071	1	2	6	0	5
2254	42073	1	1	3	0	3
2255	42075	0	2	3	0	3
2256	42077	2	3	5	0	5
2257	42079	1	4	5	0	5
2258	42081	1	2	4	0	2
2259	42083	1	3	5	0	3
2260	42085	1	1	3	0	3
2261	42087	2	0	5	0	1
2262	42089	1	3	5	0	4
2263	42091	3	0	4	0	7
2264	42093	1	0	4	0	0
2265	42095	1	4	5	0	5
2266	42097	2	1	4	0	1
2267	42099	2	1	4	0	1
2268	42101	0	1	5	0	11
2269	42103	0	1	3	0	2
2270	42105	1	2	5	0	0
2271	42107	3	1	6	0	3
2272	42109	2	0	4	0	1
2273	42111	2	1	4	0	3
2274	42113	1	3	5	0	0
2275	42115	1	1	4	0	0
2276	42117	1	3	4	0	1
2277	42119	2	1	4	0	2
2278	42121	0	1	4	0	1
2279	42123	0	2	5	0	1
2280	42125	3	1	4	0	3
2281	42127	2	1	3	0	1
2282	42129	4	1	5	0	3
2283	42131	1	1	3	0	0
2284	42133	0	2	8	0	3
2285	44001	0	0	4	0	1
2286	44003	0	0	3	0	4
2287	44005	0	0	3	0	2
2288	44007	0	0	4	0	7
2289	44009	0	0	3	0	3
2290	45001	0	0	4	2	1
2291	45003	1	2	5	1	1
2292	45005	0	0	5	1	0
2293	45007	1	1	3	1	2
2294	45009	0	0	4	1	0
2295	45011	1	0	3	2	1
2296	45013	0	1	4	0	1
2297	45015	1	1	3	3	3
2298	45017	0	1	3	2	0
2299	45019	1	1	5	2	6
2300	45021	1	0	3	2	1
2301	45023	0	0	3	1	0
2302	45025	0	0	2	2	0
2303	45027	0	0	1	1	0
2304	45029	1	1	4	2	0
2305	45031	0	0	4	1	2
2306	45033	0	0	3	1	1
2307	45035	0	1	3	2	1
2308	45037	0	0	4	1	0
2309	45039	0	0	4	0	0
2310	45041	0	0	3	0	0
2311	45043	1	0	4	2	2
2312	45045	1	2	4	2	5
2313	45047	0	1	3	2	1
2314	45049	0	0	4	0	1
2315	45051	1	0	4	0	1
2316	45053	0	0	3	1	0
2317	45055	1	0	3	1	1
2318	45057	0	0	3	0	0
2319	45059	0	1	4	2	1
2320	45061	0	0	1	1	0
2321	45063	0	1	3	2	3
2322	45065	0	0	2	1	0
2323	45067	0	0	1	0	0
2324	45069	0	0	3	1	0
2325	45071	0	1	3	0	1
2326	45073	0	0	3	0	0
2327	45075	1	0	5	2	1
2328	45077	0	1	4	0	1
2329	45079	0	2	5	2	5
2330	45081	0	1	3	0	0
2331	45083	1	1	4	5	2
2332	45085	0	0	4	1	1
2333	45087	0	0	2	1	0
2334	45089	0	0	3	0	0
2335	45091	0	0	3	1	2
2336	46003	1	2	1	0	0
2337	46005	4	5	1	0	0
2338	46007	0	1	0	0	0
2339	46009	1	4	1	0	0
2340	46011	1	3	2	0	0
2341	46013	2	1	2	0	0
2342	46015	0	1	2	0	0
2343	46017	1	0	0	0	0
2344	46019	1	3	1	0	0
2345	46021	1	0	0	0	0
2346	46023	2	2	0	0	0
2347	46025	1	2	0	0	0
2348	46027	3	3	1	0	0
2349	46029	1	3	2	0	0
2350	46031	1	0	0	1	0
2351	46033	1	2	1	0	0
2352	46035	0	4	2	0	0
2353	46037	1	3	1	0	0
2354	46039	3	1	2	0	0
2355	46041	1	1	0	1	0
2356	46043	0	2	1	0	0
2357	46045	2	1	1	0	0
2358	46047	0	1	0	0	0
2359	46049	2	0	1	0	0
2360	46051	1	3	2	0	0
2361	46053	0	2	0	0	0
2362	46055	0	1	1	0	0
2363	46057	2	1	1	0	0
2364	46059	2	1	2	0	0
2365	46061	0	2	1	0	0
2366	46063	1	0	0	0	0
2367	46065	1	2	2	0	0
2368	46067	1	4	0	0	0
2369	46069	1	0	0	0	0
2370	46071	0	1	1	0	0
2371	46073	1	1	0	0	0
2372	46075	0	1	0	0	0
2373	46077	0	4	2	0	0
2374	46079	1	6	1	0	0
2375	46081	0	2	2	0	0
2376	46083	2	5	2	0	1
2377	46085	1	2	1	0	0
2378	46087	0	4	1	0	0
2379	46089	1	0	1	0	0
2380	46091	2	0	0	0	0
2381	46093	1	4	1	0	0
2382	46095	0	1	0	0	0
2383	46097	0	2	0	0	0
2384	46099	1	5	3	0	1
2385	46101	1	4	1	0	0
2386	46103	1	4	2	0	1
2387	46105	1	1	0	0	0
2388	46107	1	0	1	0	0
2389	46109	1	2	2	0	0
2390	46111	0	2	1	0	0
2391	46113	0	1	0	0	0
2392	46115	2	3	1	0	1
2393	46117	1	2	1	0	0
2394	46119	1	1	0	0	0
2395	46121	0	2	1	0	0
2396	46123	0	1	0	0	0
2397	46125	1	3	1	0	0
2398	46127	4	3	2	0	0
2399	46129	1	1	0	0	0
2400	46135	1	4	2	0	0
2401	46137	1	1	1	1	0
2402	47001	1	0	4	0	2
2403	47003	1	0	2	2	2
2404	47005	2	0	2	1	0
2405	47007	0	2	2	0	0
2406	47009	0	2	3	0	3
2407	47011	0	2	3	0	2
2408	47013	0	1	1	1	2
2409	47015	1	0	1	0	0
2410	47017	2	0	2	1	0
2411	47019	0	0	2	0	1
2412	47021	0	0	1	0	1
2413	47023	0	0	2	1	0
2414	47025	0	1	3	0	1
2415	47027	0	1	0	0	0
2416	47029	0	2	3	0	0
2417	47031	1	1	3	2	2
2418	47033	1	0	1	2	1
2419	47035	1	1	3	0	1
2420	47037	2	1	4	0	8
2421	47039	2	0	1	1	0
2422	47041	1	0	3	0	0
2423	47043	2	0	3	0	3
2424	47045	0	0	3	4	1
2425	47047	0	0	2	2	1
2426	47049	0	0	1	0	0
2427	47051	1	1	2	1	1
2428	47053	0	0	2	3	2
2429	47055	1	2	2	1	0
2430	47057	0	0	2	0	0
2431	47059	0	1	3	0	1
2432	47061	1	2	0	1	0
2433	47063	1	0	3	1	1
2434	47065	2	3	3	0	3
2435	47067	0	2	2	0	1
2436	47069	0	0	2	3	0
2437	47071	0	0	2	1	0
2438	47073	0	0	2	0	1
2439	47075	0	0	2	1	1
2440	47077	2	0	3	1	0
2441	47079	1	1	4	1	0
2442	47081	1	1	1	1	0
2443	47083	0	0	1	0	0
2444	47085	4	0	1	0	0
2445	47087	1	1	1	0	0
2446	47089	0	2	2	0	0
2447	47091	0	1	3	0	0
2448	47093	1	2	6	0	3
2449	47095	0	0	0	2	0
2450	47097	0	0	3	3	1
2451	47099	1	1	1	1	1
2452	47101	2	1	0	0	0
2453	47103	0	0	3	2	0
2454	47105	1	0	3	0	1
2455	47107	1	1	3	0	1
2456	47109	0	0	3	2	0
2457	47111	0	1	2	0	1
2458	47113	0	0	3	2	2
2459	47115	1	3	3	0	0
2460	47117	1	0	1	1	0
2461	47119	0	1	3	0	1
2462	47121	0	1	1	0	0
2463	47123	2	1	3	0	0
2464	47125	0	0	3	0	2
2465	47127	0	1	1	1	0
2466	47129	1	1	1	0	0
2467	47131	0	0	1	3	1
2468	47133	1	0	2	0	0
2469	47135	2	1	0	0	0
2470	47137	0	0	1	0	0
2471	47139	1	2	1	0	0
2472	47141	1	0	4	0	2
2473	47143	0	2	4	1	1
2474	47145	0	0	2	0	2
2475	47147	0	0	3	0	1
2476	47149	2	0	3	0	2
2477	47151	0	0	2	0	0
2478	47153	0	2	1	0	0
2479	47155	0	3	2	0	2
2480	47157	1	1	4	1	8
2481	47159	1	1	1	0	1
2482	47161	1	0	0	0	0
2483	47163	1	0	3	0	2
2484	47165	0	1	4	0	2
2485	47167	0	0	3	2	0
2486	47169	1	1	2	0	0
2487	47171	0	0	3	0	1
2488	47173	1	1	3	0	0
2489	47175	1	1	1	0	0
2490	47177	1	1	4	1	0
2491	47179	1	0	3	0	3
2492	47181	2	1	0	1	0
2493	47183	0	0	2	3	1
2494	47185	1	1	4	0	0
2495	47187	1	0	3	0	3
2496	47189	2	0	3	0	2
2497	48001	1	1	3	2	3
2498	48003	2	0	1	5	0
2499	48005	2	0	3	1	2
2500	48007	1	0	3	1	0
2501	48009	0	2	2	2	1
2502	48011	0	0	0	3	0
2503	48013	2	2	3	3	2
2504	48015	2	0	4	1	0
2505	48017	0	1	1	2	0
2506	48019	2	3	1	1	0
2507	48021	2	1	3	2	1
2508	48023	0	0	0	1	0
2509	48025	1	0	1	1	1
2510	48027	4	1	6	2	3
2511	48029	2	3	7	2	8
2512	48031	1	3	3	0	0
2513	48033	0	1	0	1	0
2514	48035	0	0	3	1	0
2515	48037	0	1	3	2	3
2516	48039	5	1	6	3	6
2517	48041	2	1	6	2	5
2518	48043	2	0	2	1	0
2519	48045	0	0	0	1	0
2520	48047	0	0	2	1	0
2521	48049	2	4	6	2	1
2522	48051	1	1	4	1	0
2523	48053	1	2	6	0	2
2524	48055	0	0	4	2	1
2525	48057	0	2	5	1	0
2526	48059	1	2	1	1	0
2527	48061	3	0	3	1	4
2528	48063	2	0	1	1	0
2529	48065	0	0	1	4	0
2530	48067	2	1	2	4	0
2531	48069	1	2	1	4	0
2532	48071	1	1	4	1	2
2533	48073	2	0	4	3	1
2534	48075	0	0	2	2	0
2535	48077	1	1	2	2	0
2536	48079	0	1	1	0	0
2537	48081	0	3	2	1	0
2538	48083	1	4	2	2	0
2539	48085	4	4	9	3	7
2540	48087	0	0	1	3	0
2541	48089	3	0	2	4	1
2542	48091	3	0	3	1	3
2543	48093	3	2	5	2	0
2544	48095	0	4	1	0	0
2545	48097	1	1	6	1	1
2546	48099	0	0	6	3	1
2547	48101	0	0	0	2	0
2548	48103	0	0	0	5	0
2549	48105	0	1	2	1	1
2550	48107	0	1	0	2	0
2551	48109	0	0	1	2	0
2552	48111	0	1	1	1	0
2553	48113	4	4	9	4	12
2554	48115	0	1	1	2	0
2555	48117	0	1	0	2	0
2556	48119	2	0	2	3	0
2557	48121	2	2	10	3	6
2558	48123	1	0	3	2	0
2559	48125	0	1	1	1	0
2560	48127	0	0	2	2	2
2561	48129	0	0	1	2	0
2562	48131	1	0	2	2	1
2563	48133	3	2	3	2	1
2564	48135	2	1	2	4	3
2565	48137	1	1	1	1	0
2566	48139	2	1	7	1	5
2567	48141	1	1	4	5	5
2568	48143	2	2	5	0	4
2569	48145	1	0	2	2	1
2570	48147	1	1	3	4	0
2571	48149	3	0	3	1	0
2572	48151	0	0	0	2	0
2573	48153	0	0	1	4	0
2574	48155	0	0	1	0	0
2575	48157	4	0	5	2	9
2576	48159	1	0	3	2	0
2577	48161	0	0	3	2	1
2578	48163	0	0	3	4	1
2579	48165	1	0	1	5	0
2580	48167	1	1	5	2	5
2581	48169	0	0	1	3	0
2582	48171	1	2	3	1	0
2583	48173	0	2	0	0	0
2584	48175	1	1	0	3	1
2585	48177	1	0	3	2	0
2586	48179	0	1	1	3	1
2587	48181	1	3	8	2	4
2588	48183	3	1	6	6	3
2589	48185	1	1	4	2	0
2590	48187	2	0	4	1	3
2591	48189	0	3	2	5	0
2592	48191	0	0	1	2	0
2593	48193	0	1	3	1	1
2594	48195	0	0	1	2	0
2595	48197	0	0	1	1	0
2596	48199	0	0	3	0	1
2597	48201	7	4	6	5	14
2598	48203	2	1	3	5	1
2599	48205	0	1	1	2	0
2600	48207	0	0	1	0	1
2601	48209	4	0	7	3	3
2602	48211	1	0	1	2	1
2603	48213	1	1	5	3	2
2604	48215	2	0	5	2	5
2605	48217	1	0	6	3	1
2606	48219	0	2	2	2	0
2607	48221	2	1	6	0	2
2608	48223	2	1	3	1	2
2609	48225	1	0	2	2	0
2610	48227	0	1	2	2	0
2611	48229	0	0	1	3	0
2612	48231	4	2	5	4	3
2613	48233	0	1	2	3	0
2614	48235	0	3	2	0	0
2615	48237	1	1	4	0	0
2616	48239	1	1	3	3	1
2617	48241	0	0	2	0	0
2618	48243	1	0	1	2	0
2619	48245	2	1	4	0	3
2620	48247	0	0	1	1	0
2621	48249	2	0	3	1	1
2622	48251	1	2	8	0	4
2623	48253	0	0	0	1	0
2624	48255	1	0	3	1	1
2625	48257	3	2	5	2	5
2626	48259	1	4	4	0	0
2627	48261	0	0	1	1	0
2628	48263	0	0	0	2	0
2629	48265	1	4	2	1	1
2630	48267	1	1	3	1	0
2631	48269	0	0	0	1	0
2632	48271	0	0	1	1	0
2633	48273	1	0	2	1	3
2634	48275	0	0	1	0	0
2635	48277	3	1	2	4	2
2636	48279	0	2	2	4	0
2637	48281	0	2	2	1	1
2638	48283	0	0	1	2	1
2639	48285	3	0	3	1	1
2640	48287	2	0	5	1	0
2641	48289	0	2	3	1	1
2642	48291	2	0	5	1	1
2643	48293	1	0	4	3	0
2644	48295	0	0	0	1	0
2645	48297	1	1	2	1	1
2646	48299	3	4	2	0	1
2647	48301	0	0	0	1	0
2648	48303	0	3	5	4	4
2649	48305	0	1	0	2	0
2650	48307	1	2	2	1	0
2651	48309	2	0	7	4	3
2652	48311	0	1	0	2	0
2653	48313	0	1	3	2	0
2654	48315	3	1	3	2	0
2655	48317	1	1	1	2	0
2656	48319	1	1	2	0	1
2657	48321	0	0	3	5	1
2658	48323	0	0	3	2	1
2659	48325	2	3	3	3	1
2660	48327	1	1	2	0	0
2661	48329	2	2	4	9	3
2662	48331	1	3	2	2	0
2663	48333	0	2	4	0	1
2664	48335	0	3	2	1	1
2665	48337	1	2	2	2	0
2666	48339	3	0	5	3	7
2667	48341	0	0	2	4	0
2668	48343	2	0	1	1	0
2669	48345	0	0	1	1	0
2670	48347	1	0	3	1	3
2671	48349	1	1	4	4	2
2672	48353	0	2	2	3	1
2673	48355	1	0	4	1	6
2674	48357	0	1	1	1	0
2675	48359	0	0	2	1	0
2676	48361	0	1	4	0	0
2677	48363	1	0	5	1	2
2678	48365	1	2	3	2	1
2679	48367	4	0	7	1	2
2680	48369	0	1	1	4	0
2681	48371	1	0	2	3	0
2682	48373	2	0	3	1	0
2683	48375	1	1	2	4	2
2684	48377	1	0	2	2	0
2685	48379	3	1	2	1	0
2686	48381	1	1	2	4	2
2687	48383	0	3	2	1	1
2688	48385	1	1	1	0	0
2689	48387	1	1	0	3	0
2690	48389	1	0	2	4	0
2691	48391	1	0	2	2	0
2692	48393	0	0	1	2	0
2693	48395	0	2	4	2	0
2694	48397	1	1	7	2	4
2695	48399	1	5	2	0	0
2696	48401	2	1	4	6	0
2697	48403	1	0	1	0	0
2698	48405	0	0	2	1	1
2699	48407	0	0	2	1	1
2700	48409	1	0	3	2	1
2701	48411	1	1	3	1	0
2702	48413	0	2	3	0	0
2703	48415	0	0	2	2	0
2704	48417	0	0	0	2	0
2705	48419	0	0	1	2	1
2706	48421	0	0	2	3	0
2707	48423	4	1	3	5	3
2708	48425	0	0	4	0	0
2709	48427	0	0	3	2	1
2710	48429	2	0	3	1	0
2711	48431	0	3	3	0	0
2712	48433	0	0	2	1	0
2713	48435	0	2	3	2	0
2714	48437	0	2	2	4	0
2715	48439	2	2	9	2	10
2716	48441	1	2	3	2	3
2717	48443	0	0	1	1	0
2718	48445	0	1	2	2	0
2719	48447	1	0	0	0	0
2720	48449	1	0	1	2	2
2721	48451	0	4	5	1	3
2722	48453	4	2	7	5	9
2723	48455	1	0	3	1	0
2724	48457	1	0	2	0	0
2725	48459	5	0	4	6	0
2726	48461	0	0	1	2	0
2727	48463	1	0	2	2	1
2728	48465	0	0	4	2	1
2729	48467	4	3	4	4	2
2730	48469	1	0	4	2	5
2731	48471	1	0	4	2	3
2732	48473	1	0	5	2	3
2733	48475	0	0	2	3	1
2734	48477	1	0	5	1	3
2735	48479	1	0	4	4	3
2736	48481	3	0	2	4	2
2737	48483	1	0	1	3	0
2738	48485	0	2	2	2	2
2739	48487	0	1	2	2	0
2740	48489	0	0	2	1	0
2741	48491	1	1	5	5	7
2742	48493	1	2	3	2	0
2743	48495	0	0	1	2	0
2744	48497	1	1	8	1	2
2745	48499	5	1	3	3	0
2746	48501	1	0	2	1	0
2747	48503	1	2	3	2	0
2748	48505	0	1	2	1	1
2749	48507	0	0	0	3	0
2750	49001	2	1	2	0	0
2751	49003	3	0	5	0	0
2752	49005	0	2	5	0	1
2753	49007	1	4	4	0	0
2754	49009	2	1	1	0	0
2755	49011	1	1	5	0	3
2756	49013	2	1	2	0	0
2757	49015	2	2	2	0	0
2758	49017	1	0	2	0	0
2759	49019	1	2	3	0	0
2760	49021	3	2	5	0	1
2761	49023	2	1	2	0	0
2762	49025	1	1	2	0	0
2763	49027	1	1	5	0	1
2764	49029	1	1	3	0	0
2765	49031	1	0	1	0	0
2766	49033	1	2	0	0	0
2767	49035	1	2	5	0	5
2768	49037	1	1	3	0	0
2769	49039	2	2	2	0	0
2770	49041	1	1	3	0	1
2771	49043	3	2	4	0	1
2772	49045	1	2	4	0	0
2773	49047	2	1	2	0	0
2774	49049	2	3	6	0	3
2775	49051	1	3	3	0	0
2776	49053	3	2	5	0	2
2777	49055	2	0	1	0	1
2778	49057	2	1	5	0	1
2779	50001	1	2	3	0	0
2780	50003	1	2	3	0	2
2781	50005	3	1	3	0	0
2782	50007	1	2	3	0	2
2783	50009	3	0	1	0	0
2784	50011	1	2	3	0	0
2785	50013	1	1	3	0	0
2786	50015	3	2	3	0	0
2787	50017	2	4	3	0	0
2788	50019	2	1	3	0	0
2789	50021	2	1	3	0	1
2790	50023	3	1	3	0	3
2791	50025	2	0	3	0	1
2792	50027	2	0	3	0	0
2793	51001	1	0	3	3	1
2794	51003	1	0	4	1	1
2795	51005	1	0	2	0	0
2796	51007	1	0	1	1	0
2797	51009	1	0	3	2	0
2798	51011	0	0	3	2	1
2799	51013	0	0	5	0	12
2800	51015	1	0	3	1	0
2801	51017	3	0	2	0	0
2802	51019	2	0	5	2	1
2803	51021	1	0	3	1	0
2804	51023	1	0	5	1	0
2805	51025	0	0	3	1	0
2806	51027	2	0	4	3	0
2807	51029	0	0	3	2	1
2808	51031	2	0	3	2	0
2809	51033	0	0	5	0	0
2810	51035	1	0	3	1	1
2811	51036	0	0	4	1	0
2812	51037	0	0	2	2	0
2813	51041	0	0	5	0	5
2814	51043	2	0	4	0	1
2815	51045	2	0	3	0	0
2816	51047	0	0	5	0	2
2817	51049	0	0	2	1	0
2818	51051	1	0	2	0	0
2819	51053	0	0	3	1	1
2820	51057	0	0	3	0	0
2821	51059	1	1	9	0	12
2822	51061	0	0	5	0	2
2823	51063	0	0	4	0	0
2824	51065	0	0	2	0	0
2825	51067	2	0	6	2	0
2826	51069	3	0	5	0	1
2827	51071	1	0	4	1	0
2828	51073	0	0	2	0	0
2829	51075	0	0	4	1	0
2830	51077	1	0	2	0	1
2831	51079	0	0	3	0	0
2832	51081	0	0	2	1	0
2833	51083	1	0	4	2	0
2834	51085	0	0	5	0	2
2835	51087	1	0	4	0	5
2836	51089	1	0	3	1	0
2837	51091	2	0	1	0	0
2838	51093	0	0	3	1	0
2839	51095	0	0	4	0	2
2840	51097	0	0	4	0	0
2841	51099	0	0	4	0	1
2842	51101	1	0	3	0	0
2843	51103	0	0	4	0	0
2844	51105	0	0	2	0	0
2845	51107	2	0	7	0	9
2846	51109	0	0	3	1	0
2847	51111	0	0	3	2	1
2848	51113	0	0	3	0	0
2849	51115	0	0	4	0	0
2850	51117	0	0	3	3	2
2851	51119	0	0	4	0	1
2852	51121	3	0	5	1	3
2853	51125	1	0	3	1	0
2854	51127	0	0	4	0	0
2855	51131	0	0	3	3	1
2856	51133	0	0	4	0	0
2857	51135	0	0	2	1	1
2858	51137	0	0	3	0	1
2859	51139	0	0	4	0	1
2860	51141	0	0	3	0	0
2861	51143	1	0	3	3	1
2862	51145	0	0	4	0	0
2863	51147	0	0	1	2	2
2864	51149	0	0	4	1	1
2865	51153	0	0	6	0	6
2866	51155	2	0	4	1	0
2867	51157	0	0	4	1	0
2868	51159	0	0	4	0	0
2869	51161	2	0	5	1	1
2870	51163	0	0	3	0	0
2871	51165	1	0	3	0	1
2872	51167	2	0	2	0	0
2873	51169	1	0	3	0	0
2874	51171	1	0	3	0	0
2875	51173	2	0	3	0	1
2876	51175	0	0	2	1	0
2877	51177	1	0	5	0	3
2878	51179	0	0	4	0	3
2879	51181	0	0	2	1	1
2880	51183	0	0	3	1	0
2881	51185	2	0	3	0	1
2882	51187	1	0	5	1	1
2883	51191	1	0	2	0	1
2884	51193	0	0	3	0	0
2885	51195	3	0	3	1	0
2886	51197	2	0	4	0	0
2887	51199	0	0	4	0	2
2888	51510	0	0	4	0	6
2889	51515	0	0	3	2	0
2890	51520	0	0	3	0	1
2891	51530	0	0	2	0	0
2892	51540	1	0	4	0	3
2893	51550	0	0	5	1	6
2894	51570	0	0	3	0	1
2895	51580	1	0	1	0	0
2896	51590	1	0	3	2	1
2897	51595	0	0	2	0	1
2898	51600	0	0	4	0	4
2899	51610	0	0	4	0	4
2900	51620	0	0	3	0	0
2901	51630	1	0	4	0	2
2902	51640	1	0	3	0	1
2903	51650	0	0	3	0	4
2904	51660	1	0	4	0	3
2905	51670	0	0	2	0	0
2906	51678	0	0	3	0	0
2907	51680	2	0	4	2	3
2908	51683	0	0	4	0	2
2909	51685	0	0	3	0	1
2910	51690	0	0	3	0	0
2911	51700	0	0	4	0	3
2912	51710	0	0	4	0	4
2913	51720	0	0	3	0	0
2914	51730	0	0	4	0	1
2915	51735	0	0	1	0	0
2916	51740	0	0	4	0	2
2917	51750	1	0	3	0	0
2918	51760	2	0	4	0	5
2919	51770	1	0	5	1	2
2920	51775	1	0	5	1	0
2921	51790	1	0	3	0	0
2922	51800	0	0	4	0	4
2923	51810	0	0	4	2	8
2924	51820	1	0	3	0	0
2925	51830	0	0	3	0	0
2926	51840	2	0	5	0	1
2927	53001	3	2	3	0	1
2928	53003	2	0	2	0	2
2929	53005	4	3	8	0	2
2930	53007	2	1	7	0	4
2931	53009	2	0	7	0	1
2932	53011	3	1	6	0	5
2933	53013	0	2	3	0	1
2934	53015	2	2	6	0	3
2935	53017	1	1	5	0	2
2936	53019	3	0	5	0	0
2937	53021	1	2	5	0	1
2938	53023	1	1	2	0	0
2939	53025	2	3	6	0	3
2940	53027	0	0	6	0	1
2941	53029	2	0	7	0	0
2942	53031	1	0	6	0	0
2943	53033	2	2	7	0	11
2944	53035	1	1	6	0	3
2945	53037	2	1	4	0	1
2946	53039	2	2	4	0	1
2947	53041	5	2	5	0	2
2948	53043	1	1	3	0	1
2949	53045	2	0	4	0	0
2950	53047	1	1	6	0	1
2951	53049	1	0	5	0	1
2952	53051	4	0	3	0	1
2953	53053	3	0	6	0	6
2954	53055	1	1	3	0	0
2955	53057	1	1	8	0	3
2956	53059	2	2	2	0	0
2957	53061	4	1	8	0	5
2958	53063	7	4	6	0	5
2959	53065	6	0	4	0	1
2960	53067	2	1	5	0	3
2961	53069	0	0	1	0	0
2962	53071	2	2	4	0	1
2963	53073	3	1	8	0	2
2964	53075	3	1	6	0	1
2965	53077	3	3	6	0	3
2966	54001	2	0	2	1	0
2967	54003	2	0	6	0	1
2968	54005	1	1	3	1	0
2969	54007	2	0	3	0	0
2970	54009	2	1	3	0	1
2971	54011	2	2	5	1	0
2972	54013	0	0	2	0	0
2973	54015	0	0	2	1	0
2974	54017	2	1	2	0	0
2975	54019	1	0	3	1	0
2976	54021	2	0	2	0	0
2977	54023	1	1	3	0	0
2978	54025	3	0	3	1	0
2979	54027	0	1	3	0	0
2980	54029	1	1	4	0	1
2981	54031	0	1	2	0	0
2982	54033	3	0	4	1	0
2983	54035	2	0	5	1	1
2984	54037	1	0	6	0	0
2985	54039	2	1	4	1	1
2986	54041	3	0	3	1	0
2987	54043	0	1	3	1	0
2988	54045	0	1	4	1	0
2989	54047	2	1	3	0	0
2990	54049	4	0	4	1	1
2991	54051	2	0	5	1	0
2992	54053	2	2	3	1	0
2993	54055	1	0	4	1	0
2994	54057	1	0	4	0	0
2995	54059	1	0	2	1	1
2996	54061	3	1	6	0	1
2997	54063	1	0	3	1	0
2998	54065	1	0	4	0	0
2999	54067	2	0	3	1	1
3000	54069	2	1	4	1	0
3001	54071	0	1	1	0	0
3002	54073	0	1	3	1	0
3003	54075	1	0	2	1	0
3004	54077	4	1	4	0	0
3005	54079	2	1	5	1	0
3006	54081	2	0	4	1	0
3007	54083	3	0	4	1	0
3008	54085	1	1	4	0	0
3009	54087	1	0	3	1	0
3010	54089	1	0	3	1	0
3011	54091	2	0	2	1	0
3012	54093	1	0	3	1	0
3013	54095	1	1	3	1	0
3014	54097	2	0	3	1	0
3015	54099	2	1	4	1	0
3016	54101	0	0	2	0	0
3017	54103	2	0	4	1	0
3018	54105	0	0	2	1	0
3019	54107	3	0	5	1	1
3020	54109	1	0	2	1	0
3021	55001	3	0	4	0	0
3022	55003	1	0	2	0	0
3023	55005	0	1	2	0	1
3024	55007	1	0	1	0	0
3025	55009	3	2	6	0	1
3026	55011	2	0	2	0	1
3027	55013	2	0	2	0	0
3028	55015	2	3	5	0	0
3029	55017	1	2	4	0	0
3030	55019	1	2	4	0	0
3031	55021	2	1	6	0	0
3032	55023	2	0	1	0	0
3033	55025	4	1	5	0	3
3034	55027	2	1	5	0	1
3035	55029	2	2	5	0	0
3036	55031	4	1	1	0	1
3037	55033	1	1	2	0	0
3038	55035	1	2	5	0	1
3039	55037	0	0	2	0	0
3040	55039	3	3	4	0	1
3041	55041	0	1	4	0	0
3042	55043	5	1	3	0	0
3043	55045	5	0	3	0	0
3044	55047	1	1	3	0	0
3045	55049	3	0	3	0	0
3046	55051	0	0	2	0	0
3047	55053	3	1	3	0	0
3048	55055	3	1	4	0	0
3049	55057	3	0	4	0	0
3050	55059	2	0	3	0	1
3051	55061	4	2	3	0	0
3052	55063	0	0	2	0	0
3053	55065	6	1	3	0	0
3054	55067	0	3	4	0	0
3055	55069	1	3	4	0	0
3056	55071	3	3	6	0	0
3057	55073	3	4	4	0	1
3058	55075	0	1	3	0	0
3059	55077	2	1	4	0	0
3060	55078	0	2	2	0	0
3061	55079	0	0	4	0	5
3062	55081	0	0	2	0	0
3063	55083	0	1	4	0	0
3064	55085	1	1	4	0	0
3065	55087	0	1	6	0	3
3066	55089	0	2	3	0	1
3067	55091	1	1	2	0	0
3068	55093	0	2	3	0	0
3069	55095	2	1	3	0	0
3070	55097	5	2	3	0	0
3071	55099	0	1	3	0	0
3072	55101	2	0	3	0	2
3073	55103	2	0	3	0	0
3074	55105	4	0	5	0	1
3075	55107	0	1	2	0	0
3076	55109	0	2	4	0	0
3077	55111	2	1	3	0	0
3078	55113	1	0	1	0	0
3079	55115	1	2	4	0	0
3080	55117	1	3	5	0	1
3081	55119	1	2	4	0	0
3082	55121	1	0	2	0	0
3083	55123	2	0	2	0	0
3084	55125	0	1	4	0	0
3085	55127	2	0	5	0	0
3086	55129	1	1	1	0	0
3087	55131	0	2	5	0	1
3088	55133	2	1	5	0	3
3089	55135	4	2	4	0	1
3090	55137	2	0	4	0	0
3091	55139	0	1	4	0	0
3092	55141	2	1	4	0	1
3093	56001	3	3	2	0	0
3094	56003	0	2	1	0	0
3095	56005	1	2	2	0	0
3096	56007	3	2	2	0	0
3097	56009	2	3	2	0	0
3098	56011	1	2	2	0	0
3099	56013	2	2	2	0	0
3100	56015	1	3	2	0	0
3101	56017	0	2	0	0	0
3102	56019	1	2	2	0	0
3103	56021	3	2	2	0	1
3104	56023	4	3	2	0	0
3105	56025	2	2	2	0	1
3106	56027	0	2	1	0	0
3107	56029	0	6	2	0	0
3108	56031	1	3	2	0	0
3109	56033	1	2	3	0	0
3110	56035	3	2	2	0	1
3111	56037	3	3	2	0	1
3112	56039	1	2	1	0	1
3113	56041	3	4	2	0	0
3114	56043	0	2	1	0	0
3115	56045	1	2	1	0	0
3116	72001	0	0	0	1	1
3117	72003	0	0	0	1	1
3118	72005	0	0	0	2	1
3119	72007	0	0	0	2	1
3120	72009	0	0	0	1	1
3121	72011	0	0	0	1	1
3122	72013	0	0	0	3	1
3123	72015	0	0	0	1	1
3124	72017	0	0	0	1	1
3125	72019	0	0	0	1	1
3126	72021	0	0	0	3	1
3127	72023	0	0	0	3	1
3128	72025	0	0	0	3	1
3129	72027	0	0	0	1	1
3130	72029	0	0	0	1	1
3131	72031	0	0	0	3	1
3132	72033	0	0	0	2	1
3133	72035	0	0	0	2	1
3134	72037	0	0	0	1	1
3135	72039	0	0	0	3	1
3136	72041	0	0	0	1	1
3137	72043	0	0	0	1	1
3138	72045	0	0	0	1	1
3139	72047	0	0	0	3	1
3140	72049	0	0	0	1	1
3141	72051	0	0	0	3	1
3142	72053	0	0	0	3	1
3143	72054	0	0	0	1	0
3144	72055	0	0	0	1	1
3145	72057	0	0	0	3	1
3146	72059	0	0	0	1	1
3147	72061	0	0	0	3	1
3148	72063	0	0	0	1	1
3149	72065	0	0	0	2	1
3150	72067	0	0	0	1	1
3151	72069	0	0	0	2	1
3152	72071	0	0	0	1	1
3153	72073	0	0	0	1	1
3154	72075	0	0	0	1	1
3155	72077	0	0	0	1	1
3156	72079	0	0	0	1	1
3157	72081	0	0	0	1	1
3158	72083	0	0	0	1	0
3159	72085	0	0	0	2	1
3160	72087	0	0	0	2	1
3161	72089	0	0	0	1	1
3162	72091	0	0	0	2	1
3163	72093	0	0	0	1	0
3164	72095	0	0	0	1	1
3165	72097	0	0	0	2	1
3166	72099	0	0	0	2	0
3167	72101	0	0	0	3	1
3168	72103	0	0	0	1	1
3169	72105	0	0	0	1	1
3170	72107	0	0	0	2	1
3171	72109	0	0	0	1	1
3172	72111	0	0	0	1	0
3173	72113	0	0	0	3	1
3174	72115	0	0	0	1	1
3175	72117	0	0	0	1	1
3176	72119	0	0	0	2	1
3177	72121	0	0	0	1	1
3178	72123	0	0	0	2	0
3179	72125	0	0	0	1	1
3180	72127	0	0	1	3	1
3181	72129	0	0	0	1	1
3182	72131	0	0	0	1	1
3183	72133	0	0	0	1	1
3184	72135	0	0	0	3	1
3185	72137	0	0	0	3	1
3186	72139	0	0	0	2	1
3187	72141	0	0	0	2	1
3188	72143	0	0	0	2	1
3189	72145	0	0	0	3	1
3190	72147	0	0	0	1	1
3191	72149	0	0	0	1	1
3192	72151	0	0	0	1	1
3193	72153	0	0	0	1	1
3194	78010	0	0	1	0	0
