,CountyCode,vision,highincome,lowincome,senior
0,01001,1,2,1,0
1,01003,0,6,3,0
2,01005,1,2,0,0
3,01007,0,2,0,0
4,01009,1,2,0,1
5,01011,0,0,1,0
6,01013,0,3,0,0
7,01015,1,6,0,0
8,01017,0,2,2,0
9,01019,1,2,0,1
10,01021,1,4,0,0
11,01023,0,1,1,1
12,01025,0,3,2,1
13,01027,0,1,0,0
14,01029,1,1,0,0
15,01031,0,4,0,1
16,01033,0,4,1,0
17,01035,0,3,0,0
18,01037,0,3,2,0
19,01039,0,3,0,1
20,01041,0,1,0,1
21,01043,1,3,0,1
22,01045,0,4,0,0
23,01047,0,3,3,0
24,01049,2,4,0,1
25,01051,0,3,2,0
26,01053,0,4,1,0
27,01055,2,5,0,2
28,01057,0,3,0,1
29,01059,0,3,1,0
30,01061,0,3,0,1
31,01063,0,1,0,0
32,01065,0,2,1,0
33,01067,0,3,0,0
34,01069,1,5,2,0
35,01071,1,3,1,0
36,01073,1,7,2,0
37,01075,0,3,0,0
38,01077,0,5,1,0
39,01079,0,2,0,0
40,01081,0,5,4,0
41,01083,0,4,2,0
42,01085,0,1,0,0
43,01087,0,2,0,0
44,01089,1,6,3,0
45,01091,0,3,2,0
46,01093,1,2,0,0
47,01095,2,4,0,0
48,01097,0,7,4,0
49,01099,0,2,0,0
50,01101,1,5,2,0
51,01103,1,6,2,0
52,01105,0,3,1,0
53,01107,0,4,0,0
54,01109,1,3,1,1
55,01111,0,3,0,0
56,01113,0,1,1,0
57,01115,1,4,0,1
58,01117,0,6,2,1
59,01119,0,1,0,0
60,01121,0,4,3,0
61,01123,0,4,1,0
62,01125,0,6,1,1
63,01127,0,1,1,1
64,01129,0,2,0,0
65,01131,0,2,1,0
66,01133,1,2,0,1
67,02013,0,1,0,0
68,02016,0,2,1,0
69,02020,1,6,0,1
70,02050,0,1,1,0
71,02060,0,1,0,0
72,02068,1,3,0,1
73,02070,0,2,0,0
74,02090,1,3,0,1
75,02100,0,1,0,1
76,02105,0,1,0,1
77,02110,0,2,0,0
78,02122,2,4,0,0
79,02130,0,2,0,1
80,02150,0,2,0,0
81,02164,0,1,0,0
82,02170,1,2,0,0
83,02180,0,2,0,0
84,02185,0,2,5,0
85,02188,0,2,0,0
86,02195,0,2,0,1
87,02198,0,2,0,1
88,02220,0,2,0,0
89,02230,0,0,0,1
90,02240,0,2,0,3
91,02261,0,3,0,0
92,02270,0,1,0,0
93,02275,0,1,0,1
94,02282,0,2,0,0
95,02290,1,3,1,0
96,04001,0,2,1,0
97,04003,1,6,1,3
98,04005,5,7,3,3
99,04007,1,3,1,2
100,04009,1,3,0,1
101,04011,0,1,0,1
102,04012,0,4,1,2
103,04013,4,18,4,7
104,04015,1,6,3,3
105,04017,0,5,1,0
106,04019,3,12,2,3
107,04021,3,8,0,3
108,04023,1,6,0,1
109,04025,2,8,2,4
110,04027,1,5,0,1
111,05001,0,2,2,0
112,05003,0,2,0,1
113,05005,0,2,2,1
114,05007,2,5,2,2
115,05009,0,2,1,1
116,05011,0,2,1,0
117,05013,0,1,1,0
118,05015,0,3,0,2
119,05017,0,1,1,0
120,05019,1,3,1,1
121,05021,0,1,3,0
122,05023,0,1,4,1
123,05025,0,0,1,0
124,05027,0,2,4,0
125,05029,0,1,2,0
126,05031,0,4,4,0
127,05033,0,3,1,1
128,05035,0,3,2,0
129,05037,0,2,1,0
130,05039,1,1,0,0
131,05041,0,1,2,0
132,05043,0,1,3,0
133,05045,1,5,4,0
134,05047,0,3,2,0
135,05049,1,1,1,0
136,05051,0,5,2,1
137,05053,0,2,3,0
138,05055,0,2,4,0
139,05057,0,4,6,0
140,05059,1,3,2,1
141,05061,0,3,4,0
142,05063,0,2,4,0
143,05065,0,2,1,0
144,05067,0,2,2,0
145,05069,1,3,3,0
146,05071,0,2,1,0
147,05073,0,2,4,0
148,05075,0,2,3,0
149,05077,0,1,2,0
150,05079,0,2,2,0
151,05081,0,1,3,0
152,05083,0,3,1,0
153,05085,0,3,4,0
154,05087,0,2,1,2
155,05089,0,2,1,1
156,05091,0,4,1,0
157,05093,0,4,3,0
158,05095,0,3,0,0
159,05097,0,1,1,1
160,05099,0,2,2,0
161,05101,0,1,0,1
162,05103,0,1,2,0
163,05105,0,0,2,0
164,05107,0,1,1,0
165,05109,0,1,1,0
166,05111,0,2,3,1
167,05113,0,1,2,0
168,05115,0,3,2,1
169,05117,0,1,2,0
170,05119,2,8,4,0
171,05121,0,2,2,0
172,05123,0,1,2,0
173,05125,1,3,2,1
174,05127,0,2,2,0
175,05129,0,1,1,2
176,05131,0,4,2,0
177,05133,0,1,2,0
178,05135,1,1,1,0
179,05137,0,2,2,1
180,05139,0,2,3,0
181,05141,0,1,2,1
182,05143,0,5,1,3
183,05145,1,4,4,0
184,05147,0,3,2,0
185,05149,0,1,2,0
186,06001,0,29,2,1
187,06003,0,3,0,1
188,06005,1,4,0,4
189,06007,2,10,0,0
190,06009,0,4,2,2
191,06011,2,4,1,1
192,06013,1,16,2,2
193,06015,0,4,0,1
194,06017,1,8,1,2
195,06019,1,16,4,1
196,06021,2,4,1,0
197,06023,0,8,1,4
198,06025,0,8,0,1
199,06027,1,5,2,0
200,06029,1,14,5,4
201,06031,1,7,2,1
202,06033,1,4,0,1
203,06035,2,3,0,2
204,06037,2,26,2,5
205,06039,2,6,2,1
206,06041,0,14,0,0
207,06043,1,3,2,2
208,06045,1,5,0,4
209,06047,0,8,3,1
210,06049,1,5,0,1
211,06051,1,5,1,0
212,06053,0,13,2,5
213,06055,1,11,0,0
214,06057,2,7,2,2
215,06059,0,22,0,1
216,06061,3,14,1,5
217,06063,1,5,0,2
218,06065,3,23,3,1
219,06067,3,19,1,3
220,06069,0,8,0,0
221,06071,3,21,3,1
222,06073,1,25,0,1
223,06075,1,21,0,1
224,06077,2,12,5,3
225,06079,0,11,1,4
226,06081,1,22,0,2
227,06083,0,13,0,4
228,06085,2,28,0,2
229,06087,2,15,1,1
230,06089,2,7,0,4
231,06091,1,1,0,0
232,06093,2,8,0,4
233,06095,2,14,0,3
234,06097,2,12,3,3
235,06099,0,10,4,4
236,06101,2,8,0,2
237,06103,2,7,1,2
238,06105,0,6,0,5
239,06107,1,12,3,2
240,06109,0,7,2,1
241,06111,0,19,0,2
242,06113,2,15,0,4
243,06115,2,5,0,2
244,08001,1,10,0,1
245,08003,2,3,0,3
246,08005,2,11,1,2
247,08007,3,4,0,0
248,08009,1,2,0,2
249,08011,1,2,0,2
250,08013,1,10,0,2
251,08014,2,8,0,0
252,08015,2,3,0,1
253,08017,0,1,0,2
254,08019,0,4,0,0
255,08021,1,1,0,1
256,08023,0,3,0,1
257,08025,0,2,0,1
258,08027,2,2,0,1
259,08029,0,2,0,2
260,08031,3,12,0,0
261,08033,1,1,0,0
262,08035,2,11,0,1
263,08037,3,3,0,0
264,08039,1,5,0,1
265,08041,2,11,0,5
266,08043,2,3,0,2
267,08045,1,4,0,0
268,08047,1,2,0,0
269,08049,1,3,0,2
270,08051,1,4,0,2
271,08053,0,1,0,0
272,08055,2,2,0,2
273,08057,0,1,0,0
274,08059,3,12,0,2
275,08061,0,1,0,3
276,08063,1,3,0,3
277,08065,1,1,0,0
278,08067,3,4,0,1
279,08069,2,8,0,2
280,08071,1,4,0,1
281,08073,0,2,0,3
282,08075,0,2,0,1
283,08077,2,4,0,1
284,08079,1,1,0,0
285,08081,4,2,0,1
286,08083,3,2,0,2
287,08085,0,4,0,2
288,08087,1,2,0,1
289,08089,1,2,0,1
290,08091,0,1,0,1
291,08093,2,4,0,3
292,08095,1,1,0,0
293,08097,0,4,0,0
294,08099,0,3,0,3
295,08101,2,7,0,2
296,08103,1,2,0,1
297,08105,1,1,0,3
298,08107,3,3,0,0
299,08109,2,4,0,2
300,08111,0,1,0,0
301,08113,2,1,0,0
302,08115,1,1,0,0
303,08117,1,4,0,0
304,08119,0,4,0,2
305,08121,0,2,0,0
306,08123,2,8,0,3
307,08125,1,2,0,1
308,09001,1,10,1,0
309,09003,1,11,1,1
310,09005,0,8,0,1
311,09007,0,7,0,0
312,09009,1,10,0,1
313,09011,0,7,0,2
314,09013,0,5,0,0
315,09015,0,5,0,1
316,10001,0,6,0,2
317,10003,0,6,0,1
318,10005,0,6,2,1
319,11001,0,21,0,1
320,12001,0,8,1,1
321,12003,0,3,0,0
322,12005,0,5,2,2
323,12007,1,3,0,0
324,12009,1,7,0,0
325,12011,0,11,1,2
326,12013,0,1,0,1
327,12015,1,5,0,1
328,12017,0,3,0,1
329,12019,1,6,0,0
330,12021,1,9,0,2
331,12023,0,5,0,0
332,12027,0,4,0,1
333,12029,0,1,0,0
334,12031,1,13,1,1
335,12033,0,7,3,2
336,12035,0,4,0,0
337,12037,0,2,0,1
338,12039,0,2,0,2
339,12041,0,1,0,0
340,12043,0,3,0,0
341,12045,0,2,0,1
342,12047,0,2,0,0
343,12049,0,4,0,0
344,12051,0,3,0,2
345,12053,0,6,1,1
346,12055,1,3,0,1
347,12057,1,12,3,3
348,12059,0,3,0,0
349,12061,1,6,1,0
350,12063,0,3,0,1
351,12065,0,2,0,1
352,12067,0,1,0,0
353,12069,1,9,0,1
354,12071,1,9,0,2
355,12073,0,7,3,2
356,12075,0,3,1,0
357,12077,0,1,0,1
358,12079,0,3,0,1
359,12081,0,9,0,2
360,12083,0,6,0,2
361,12085,2,6,1,0
362,12086,0,13,1,2
363,12087,0,4,0,0
364,12089,0,6,1,0
365,12091,0,7,1,3
366,12093,1,4,0,0
367,12095,1,13,3,2
368,12097,1,9,1,2
369,12099,1,10,2,2
370,12101,0,8,1,1
371,12103,0,8,1,0
372,12105,0,8,0,1
373,12107,0,4,0,0
374,12109,2,5,0,0
375,12111,2,7,0,0
376,12113,0,5,3,1
377,12115,0,9,2,3
378,12117,1,8,0,2
379,12119,0,4,0,2
380,12121,0,3,0,0
381,12123,0,3,0,1
382,12125,0,2,0,0
383,12127,1,10,1,2
384,12129,0,2,0,1
385,12131,0,6,2,3
386,12133,1,4,0,0
387,13001,0,3,1,0
388,13003,0,1,2,0
389,13005,0,1,2,0
390,13007,0,0,1,0
391,13009,0,5,2,0
392,13011,0,2,4,0
393,13013,0,4,0,0
394,13015,0,8,2,0
395,13017,0,1,1,0
396,13021,2,6,2,0
397,13023,0,0,3,0
398,13025,0,1,2,0
399,13027,0,2,1,0
400,13029,0,4,3,0
401,13031,0,5,3,0
402,13033,0,3,2,0
403,13035,0,3,2,0
404,13037,0,0,1,0
405,13039,0,2,2,2
406,13043,0,2,1,0
407,13045,0,6,1,0
408,13047,1,4,0,2
409,13049,0,2,1,0
410,13051,0,8,3,0
411,13053,0,3,1,0
412,13055,1,2,0,0
413,13057,0,10,0,1
414,13059,0,6,2,0
415,13063,0,11,2,0
416,13065,0,2,0,0
417,13067,0,11,4,0
418,13069,0,2,4,0
419,13071,0,2,2,0
420,13073,0,4,4,0
421,13075,0,2,1,0
422,13077,0,8,2,0
423,13079,0,2,1,0
424,13081,0,1,3,0
425,13083,1,1,0,0
426,13085,0,3,0,1
427,13087,0,1,2,2
428,13089,0,11,1,0
429,13091,0,1,5,0
430,13093,0,1,4,0
431,13095,0,4,2,0
432,13097,0,9,3,0
433,13099,0,0,1,0
434,13103,0,2,2,0
435,13105,0,2,3,0
436,13107,0,1,2,0
437,13109,0,2,1,0
438,13111,0,1,0,3
439,13113,0,6,3,0
440,13115,1,4,1,0
441,13117,0,10,1,0
442,13119,0,3,3,0
443,13121,0,16,5,0
444,13123,0,2,0,1
445,13125,0,1,1,0
446,13127,0,5,2,0
447,13129,0,4,1,0
448,13131,0,2,1,0
449,13133,0,2,2,0
450,13135,0,12,3,0
451,13137,0,3,2,1
452,13139,1,8,1,1
453,13141,0,1,0,0
454,13143,1,5,1,0
455,13145,0,1,3,0
456,13147,0,3,2,0
457,13151,0,9,3,0
458,13153,1,6,3,0
459,13157,0,5,2,0
460,13159,0,2,0,0
461,13161,0,1,1,0
462,13163,0,2,2,0
463,13165,0,1,1,0
464,13167,0,1,3,0
465,13169,0,5,3,0
466,13171,0,3,2,0
467,13173,0,1,0,0
468,13175,0,3,5,0
469,13177,0,1,2,0
470,13179,0,4,0,0
471,13181,0,2,1,0
472,13183,0,2,0,0
473,13185,0,5,2,0
474,13187,0,4,0,0
475,13189,0,4,2,0
476,13191,0,2,0,0
477,13193,0,2,2,0
478,13195,0,1,0,0
479,13197,0,1,1,0
480,13199,0,3,2,0
481,13201,0,0,2,0
482,13205,0,3,2,0
483,13207,1,2,3,0
484,13209,0,1,2,0
485,13211,0,2,2,0
486,13213,0,4,0,0
487,13215,0,5,4,0
488,13217,0,4,0,0
489,13219,0,3,1,0
490,13221,0,0,1,0
491,13223,0,5,2,0
492,13225,1,4,1,0
493,13227,0,3,0,1
494,13229,0,2,2,0
495,13231,0,2,2,0
496,13233,1,3,1,0
497,13235,0,0,1,0
498,13237,0,3,1,0
499,13241,0,3,1,1
500,13243,0,1,2,0
501,13245,1,5,2,0
502,13247,0,6,0,0
503,13249,0,1,1,0
504,13251,0,1,1,0
505,13253,0,0,1,0
506,13255,0,4,2,0
507,13257,0,3,2,1
508,13259,0,0,1,0
509,13261,0,4,2,0
510,13263,0,1,1,0
511,13265,0,1,0,0
512,13267,0,1,2,0
513,13269,0,2,3,0
514,13271,0,1,2,0
515,13273,0,0,2,0
516,13275,0,4,0,0
517,13277,0,3,3,0
518,13279,0,3,3,0
519,13281,0,2,0,2
520,13283,0,2,3,0
521,13285,0,6,3,0
522,13287,0,2,2,0
523,13289,0,2,3,0
524,13291,0,2,0,3
525,13293,0,1,2,0
526,13295,1,4,0,2
527,13297,0,4,1,0
528,13299,0,2,4,0
529,13301,0,1,2,0
530,13303,0,3,2,0
531,13305,0,3,1,0
532,13307,0,0,1,0
533,13309,0,1,1,0
534,13311,0,1,0,1
535,13313,1,4,0,1
536,13315,0,0,1,0
537,13317,0,2,1,0
538,13319,0,3,2,0
539,13321,0,1,2,0
540,15001,0,6,1,0
541,15003,0,10,0,1
542,15007,0,6,0,0
543,15009,0,5,0,0
544,16001,4,7,0,0
545,16003,1,2,0,0
546,16005,4,5,1,1
547,16007,2,1,0,0
548,16009,1,2,1,3
549,16011,4,4,0,0
550,16013,3,4,0,0
551,16015,2,3,0,0
552,16017,2,6,1,5
553,16019,4,5,0,0
554,16021,2,2,0,0
555,16023,0,0,0,1
556,16025,1,1,0,0
557,16027,4,6,0,0
558,16029,1,1,0,0
559,16031,4,3,0,2
560,16035,0,3,1,2
561,16037,0,0,0,1
562,16039,4,3,0,0
563,16041,0,3,0,0
564,16043,3,1,0,0
565,16045,3,6,0,0
566,16047,3,2,0,0
567,16049,0,2,1,2
568,16051,3,1,0,0
569,16053,3,3,0,0
570,16055,3,6,2,2
571,16057,0,3,0,2
572,16059,0,2,0,0
573,16061,0,1,0,2
574,16063,3,2,1,0
575,16065,4,3,0,0
576,16067,4,2,0,1
577,16069,0,6,0,2
578,16071,2,1,0,1
579,16073,4,4,0,0
580,16075,4,2,0,0
581,16077,3,2,0,1
582,16079,0,2,1,1
583,16081,2,0,0,0
584,16083,4,5,0,0
585,16085,2,2,0,0
586,16087,2,1,0,0
587,17001,1,6,0,1
588,17003,0,3,0,0
589,17005,0,2,1,0
590,17007,0,6,0,1
591,17009,1,2,0,0
592,17011,1,4,0,0
593,17013,0,1,1,0
594,17015,2,4,0,0
595,17017,0,2,0,1
596,17019,1,8,1,6
597,17021,1,1,0,2
598,17023,1,3,1,1
599,17025,1,4,0,0
600,17027,0,4,1,0
601,17029,0,3,0,2
602,17031,3,22,3,4
603,17033,1,3,0,2
604,17035,0,1,0,2
605,17037,3,6,0,1
606,17039,0,3,0,4
607,17041,1,4,0,3
608,17043,2,13,2,1
609,17045,4,3,0,2
610,17047,1,3,0,0
611,17049,2,2,1,2
612,17051,1,3,1,2
613,17053,1,2,0,4
614,17055,1,4,1,1
615,17057,2,4,0,2
616,17059,1,2,1,0
617,17061,0,1,1,1
618,17063,2,6,0,3
619,17065,1,3,1,0
620,17067,1,3,0,2
621,17069,0,1,0,0
622,17071,0,3,0,3
623,17073,1,5,0,3
624,17075,3,7,0,5
625,17077,2,5,1,1
626,17079,0,3,0,2
627,17081,2,5,1,0
628,17083,0,3,1,1
629,17085,2,5,0,2
630,17087,0,3,0,2
631,17089,2,11,1,2
632,17091,2,9,0,3
633,17093,3,7,1,1
634,17095,2,4,0,1
635,17097,1,11,1,0
636,17099,3,8,0,3
637,17101,1,2,0,1
638,17103,1,4,0,0
639,17105,1,5,0,5
640,17107,0,5,0,4
641,17109,1,4,0,3
642,17111,0,11,1,1
643,17113,2,6,1,6
644,17115,0,6,0,3
645,17117,0,4,1,2
646,17119,0,8,2,1
647,17121,1,4,1,1
648,17123,0,4,0,1
649,17125,0,3,0,5
650,17127,0,4,0,2
651,17129,0,3,0,3
652,17131,1,3,0,0
653,17133,0,2,1,1
654,17135,1,4,1,2
655,17137,0,2,0,2
656,17139,0,3,0,1
657,17141,1,4,0,0
658,17143,1,8,0,4
659,17145,1,2,1,0
660,17147,0,4,1,3
661,17149,1,2,0,0
662,17151,0,3,0,1
663,17153,0,4,0,1
664,17155,1,2,0,0
665,17157,1,4,1,1
666,17159,1,2,0,0
667,17161,2,7,0,1
668,17163,0,6,1,1
669,17165,2,2,1,1
670,17167,0,8,0,3
671,17169,1,1,0,2
672,17171,0,2,0,1
673,17173,0,2,1,3
674,17175,0,4,0,0
675,17177,2,4,0,1
676,17179,1,7,0,6
677,17181,1,2,1,1
678,17183,3,6,0,3
679,17185,1,4,0,0
680,17187,0,6,0,1
681,17189,0,3,1,0
682,17191,2,2,1,0
683,17193,1,2,1,0
684,17195,3,5,0,1
685,17197,2,11,1,1
686,17199,1,5,1,1
687,17201,1,8,0,2
688,17203,1,3,0,4
689,18001,4,4,1,2
690,18003,3,6,2,1
691,18005,0,5,1,1
692,18007,2,3,0,1
693,18009,3,3,0,1
694,18011,5,4,2,3
695,18013,2,3,1,0
696,18015,4,4,0,2
697,18017,3,4,0,1
698,18019,2,4,1,2
699,18021,1,4,1,2
700,18023,3,4,2,3
701,18025,1,3,1,2
702,18027,1,5,1,3
703,18029,1,4,0,0
704,18031,1,5,0,1
705,18033,3,4,0,2
706,18035,2,5,1,1
707,18037,0,5,1,1
708,18039,3,7,1,1
709,18041,2,5,0,1
710,18043,2,5,1,1
711,18045,1,3,1,4
712,18047,2,4,1,1
713,18049,2,4,0,1
714,18051,1,5,1,1
715,18053,2,5,1,2
716,18055,2,3,2,4
717,18057,4,7,2,4
718,18059,3,5,2,1
719,18061,3,4,1,2
720,18063,2,5,2,3
721,18065,3,5,1,1
722,18067,2,4,1,3
723,18069,3,4,0,1
724,18071,2,4,1,2
725,18073,2,3,0,2
726,18075,3,5,0,3
727,18077,1,5,1,1
728,18079,1,4,1,2
729,18081,2,5,2,1
730,18083,2,3,2,4
731,18085,4,6,0,1
732,18087,3,4,0,1
733,18089,1,9,2,1
734,18091,4,6,1,1
735,18093,1,4,1,2
736,18095,2,5,2,2
737,18097,4,9,3,1
738,18099,4,4,0,1
739,18101,1,4,0,1
740,18103,2,3,0,3
741,18105,1,4,1,1
742,18107,2,4,1,3
743,18109,1,4,2,2
744,18111,3,3,0,2
745,18113,4,4,1,1
746,18115,0,4,0,0
747,18117,1,3,1,2
748,18119,1,2,1,2
749,18121,1,3,1,3
750,18123,1,2,1,0
751,18125,0,2,1,2
752,18127,1,8,2,1
753,18129,1,4,1,1
754,18131,2,3,0,1
755,18133,3,4,1,2
756,18135,3,5,0,2
757,18137,0,4,0,0
758,18139,1,4,0,2
759,18141,3,5,1,1
760,18143,0,4,1,1
761,18145,1,4,2,2
762,18147,1,3,1,0
763,18149,2,3,0,1
764,18151,1,4,0,1
765,18153,2,3,2,2
766,18155,0,1,0,0
767,18157,3,5,1,3
768,18159,2,3,1,4
769,18161,1,3,2,1
770,18163,1,4,1,0
771,18165,2,2,0,1
772,18167,1,6,1,1
773,18169,2,4,0,0
774,18171,2,3,0,2
775,18173,0,3,1,0
776,18175,2,5,0,3
777,18177,3,5,2,2
778,18179,2,4,1,2
779,18181,2,4,1,1
780,18183,2,4,0,1
781,19001,2,2,0,3
782,19003,1,1,0,0
783,19005,2,1,0,0
784,19007,1,1,0,2
785,19009,3,0,0,0
786,19011,3,1,0,5
787,19013,5,3,0,8
788,19015,2,2,0,3
789,19017,5,2,0,6
790,19019,4,2,0,4
791,19021,3,2,0,4
792,19023,2,2,0,6
793,19025,2,0,0,3
794,19027,2,3,0,2
795,19029,4,1,0,0
796,19031,3,3,0,3
797,19033,4,4,0,6
798,19035,4,3,0,1
799,19037,2,1,0,2
800,19039,1,2,0,1
801,19041,5,2,0,5
802,19043,3,2,0,2
803,19045,4,3,0,5
804,19047,2,4,0,2
805,19049,3,4,0,5
806,19051,1,1,0,2
807,19053,0,1,0,1
808,19055,1,1,0,3
809,19057,2,2,0,0
810,19059,5,2,0,8
811,19061,4,3,0,5
812,19063,3,1,0,4
813,19065,5,2,0,5
814,19067,4,1,0,6
815,19069,2,3,0,4
816,19071,1,2,0,2
817,19073,0,0,0,5
818,19075,4,2,0,4
819,19077,0,1,0,3
820,19079,1,2,0,4
821,19081,2,3,0,3
822,19083,3,2,0,7
823,19085,1,1,0,0
824,19087,2,2,0,2
825,19089,3,2,0,1
826,19091,2,1,0,2
827,19093,2,3,0,3
828,19095,4,1,0,3
829,19097,5,2,0,4
830,19099,2,2,0,3
831,19101,2,1,0,2
832,19103,4,4,0,8
833,19105,2,2,0,6
834,19107,1,1,0,3
835,19109,3,2,0,5
836,19111,4,2,0,0
837,19113,4,4,0,10
838,19115,1,2,0,1
839,19117,1,1,0,1
840,19119,3,3,0,1
841,19121,2,1,0,2
842,19123,2,3,0,4
843,19125,4,3,0,4
844,19127,2,2,0,4
845,19129,2,3,0,2
846,19131,3,1,0,4
847,19133,3,2,0,1
848,19135,3,2,0,1
849,19137,1,1,0,1
850,19139,4,3,0,3
851,19141,6,2,0,1
852,19143,4,1,0,6
853,19145,2,2,0,1
854,19147,3,1,0,4
855,19149,6,3,0,3
856,19151,2,2,0,5
857,19153,6,8,0,8
858,19155,2,4,0,4
859,19157,4,1,0,2
860,19159,1,1,0,0
861,19161,1,1,0,3
862,19163,3,4,0,6
863,19165,2,2,0,0
864,19167,4,3,0,2
865,19169,3,3,1,4
866,19171,3,1,0,3
867,19173,2,3,0,0
868,19175,1,2,0,2
869,19177,1,0,0,1
870,19179,3,2,0,4
871,19181,2,3,0,4
872,19183,1,0,0,5
873,19185,0,0,0,1
874,19187,2,4,0,5
875,19189,4,0,0,2
876,19191,2,1,0,3
877,19193,3,3,0,5
878,19195,3,1,0,3
879,19197,2,3,0,3
880,20001,4,2,0,1
881,20003,3,2,2,2
882,20005,0,2,1,4
883,20007,3,1,0,0
884,20009,1,3,0,1
885,20011,6,2,1,1
886,20013,0,2,0,2
887,20015,2,3,0,1
888,20017,1,0,0,4
889,20019,2,0,0,1
890,20021,4,2,1,2
891,20023,2,0,0,0
892,20025,0,1,2,1
893,20027,3,2,0,0
894,20029,2,1,0,1
895,20031,2,3,0,2
896,20033,1,0,1,0
897,20035,1,3,1,2
898,20037,6,3,1,2
899,20039,2,1,0,1
900,20041,2,3,1,2
901,20043,1,1,1,2
902,20045,2,4,0,3
903,20047,0,2,1,0
904,20049,3,1,0,0
905,20051,1,3,0,1
906,20053,2,1,0,0
907,20055,0,3,1,1
908,20057,0,3,1,1
909,20059,3,3,1,4
910,20061,5,3,1,2
911,20063,0,2,0,1
912,20065,0,0,0,1
913,20067,0,2,1,0
914,20069,0,1,1,1
915,20071,0,0,0,1
916,20073,2,3,0,2
917,20075,0,0,1,1
918,20077,3,2,3,0
919,20079,2,3,0,2
920,20081,0,0,1,0
921,20083,0,0,1,1
922,20085,0,2,0,3
923,20087,1,3,0,3
924,20089,1,1,0,3
925,20091,5,8,2,6
926,20093,0,0,1,1
927,20095,2,2,0,1
928,20097,1,2,1,0
929,20099,4,3,1,1
930,20101,0,1,0,0
931,20103,2,4,1,5
932,20105,3,1,0,1
933,20107,7,1,0,2
934,20109,0,1,0,1
935,20111,1,3,0,3
936,20113,2,4,0,3
937,20115,2,2,1,3
938,20117,1,2,0,0
939,20119,0,0,2,1
940,20121,4,3,1,6
941,20123,2,3,0,1
942,20125,4,3,0,4
943,20127,0,2,1,3
944,20129,0,1,1,0
945,20131,1,2,0,2
946,20133,4,3,0,3
947,20137,0,0,0,1
948,20139,2,3,0,2
949,20141,0,1,0,1
950,20143,3,1,0,1
951,20145,1,2,0,0
952,20147,0,1,0,1
953,20149,4,3,0,2
954,20151,4,2,0,0
955,20153,2,0,0,1
956,20155,3,3,1,2
957,20157,3,0,0,2
958,20159,3,2,0,3
959,20161,4,3,1,1
960,20163,1,1,0,1
961,20165,0,0,0,1
962,20167,1,1,0,2
963,20169,2,4,0,3
964,20171,0,2,0,1
965,20173,2,5,1,4
966,20175,1,1,2,0
967,20177,4,4,1,5
968,20179,1,1,0,1
969,20181,1,1,0,1
970,20183,1,0,0,1
971,20185,2,2,0,1
972,20187,0,0,1,0
973,20189,0,1,1,0
974,20191,1,3,1,1
975,20193,0,3,0,2
976,20195,1,1,0,1
977,20197,0,2,0,3
978,20199,0,0,0,1
979,20201,3,1,0,2
980,20203,0,0,0,1
981,20205,3,2,1,3
982,20207,2,3,0,1
983,20209,4,4,1,3
984,21001,0,1,2,0
985,21003,1,1,2,0
986,21005,0,1,0,0
987,21007,1,2,0,0
988,21009,0,3,2,1
989,21011,0,0,0,1
990,21013,0,1,0,0
991,21015,0,2,0,0
992,21017,0,3,0,1
993,21019,1,2,2,0
994,21021,1,1,0,0
995,21023,0,1,1,2
996,21025,0,0,4,2
997,21027,1,2,1,1
998,21029,0,4,1,0
999,21031,0,3,1,1
1000,21033,1,0,0,0
1001,21035,2,2,0,0
1002,21037,0,3,0,0
1003,21039,1,0,1,0
1004,21041,0,2,0,0
1005,21043,0,2,1,0
1006,21045,1,0,2,0
1007,21047,0,3,2,0
1008,21049,0,3,0,1
1009,21051,0,1,1,0
1010,21053,0,0,2,0
1011,21055,1,2,0,1
1012,21057,0,0,2,0
1013,21059,1,3,0,0
1014,21061,0,4,2,0
1015,21063,0,1,0,0
1016,21065,0,1,1,1
1017,21067,1,3,0,1
1018,21069,0,1,0,1
1019,21071,0,3,5,0
1020,21073,0,5,0,0
1021,21075,1,0,1,0
1022,21077,0,1,0,0
1023,21079,1,0,0,0
1024,21081,0,4,0,0
1025,21083,1,2,1,0
1026,21085,1,2,2,2
1027,21087,0,2,3,0
1028,21089,1,1,1,1
1029,21091,1,1,0,1
1030,21093,0,3,1,1
1031,21095,0,2,2,2
1032,21097,0,1,0,1
1033,21099,0,1,2,0
1034,21101,1,3,0,0
1035,21103,0,2,0,0
1036,21105,1,1,1,0
1037,21107,1,2,1,0
1038,21109,0,0,1,0
1039,21111,2,7,0,1
1040,21113,0,2,0,0
1041,21115,0,1,2,0
1042,21117,0,3,0,0
1043,21119,0,0,3,1
1044,21121,1,0,1,2
1045,21123,0,1,2,0
1046,21125,0,2,1,2
1047,21127,0,1,2,1
1048,21129,0,2,2,1
1049,21131,0,1,1,1
1050,21133,0,2,2,1
1051,21135,0,0,1,2
1052,21137,1,2,0,0
1053,21139,2,1,0,1
1054,21141,0,2,3,1
1055,21143,2,1,0,1
1056,21145,0,3,0,0
1057,21147,0,1,3,0
1058,21149,1,1,1,0
1059,21151,0,3,0,1
1060,21153,0,0,2,0
1061,21155,1,2,1,0
1062,21157,0,2,0,0
1063,21159,0,0,1,0
1064,21161,1,2,1,4
1065,21163,1,2,1,1
1066,21165,0,1,0,1
1067,21167,1,4,0,0
1068,21169,0,0,2,0
1069,21171,1,0,2,0
1070,21173,0,2,0,1
1071,21177,1,4,1,1
1072,21179,0,4,1,0
1073,21181,0,1,0,1
1074,21183,1,1,1,1
1075,21185,0,3,0,0
1076,21187,0,1,0,0
1077,21189,0,0,1,1
1078,21191,0,2,0,1
1079,21193,0,2,2,2
1080,21195,0,3,3,1
1081,21197,0,0,1,1
1082,21199,0,2,2,0
1083,21201,0,1,0,1
1084,21203,0,0,1,0
1085,21205,0,2,0,1
1086,21207,0,2,2,0
1087,21209,0,3,0,0
1088,21211,0,3,0,0
1089,21213,0,1,1,1
1090,21215,0,1,0,0
1091,21217,0,3,2,0
1092,21219,0,2,2,2
1093,21221,0,2,1,0
1094,21223,1,2,0,0
1095,21225,1,3,0,0
1096,21227,1,3,3,1
1097,21229,1,3,1,0
1098,21231,0,2,3,0
1099,21233,1,3,0,0
1100,21235,1,0,3,2
1101,21237,0,0,0,1
1102,21239,0,4,0,0
1103,22001,0,4,2,0
1104,22003,0,2,3,1
1105,22005,0,6,1,0
1106,22007,0,4,0,0
1107,22009,0,2,2,0
1108,22011,0,3,3,1
1109,22013,0,1,1,0
1110,22015,0,4,3,0
1111,22017,0,5,3,0
1112,22019,0,4,3,1
1113,22021,0,1,0,0
1114,22023,0,2,2,1
1115,22025,0,2,1,0
1116,22027,0,2,2,0
1117,22029,0,1,1,0
1118,22031,0,3,2,0
1119,22033,0,9,3,0
1120,22037,0,2,1,0
1121,22039,0,2,3,0
1122,22041,0,1,0,0
1123,22043,0,1,1,0
1124,22045,0,4,1,0
1125,22047,1,5,2,0
1126,22049,0,2,1,0
1127,22051,0,7,4,0
1128,22053,0,1,5,1
1129,22055,0,7,5,1
1130,22057,0,4,3,0
1131,22059,0,2,0,0
1132,22061,0,4,2,0
1133,22063,0,5,2,0
1134,22067,0,3,2,0
1135,22069,0,3,3,0
1136,22071,0,6,1,0
1137,22073,0,4,2,1
1138,22075,0,4,0,0
1139,22077,2,2,1,0
1140,22079,0,5,1,1
1141,22081,0,3,2,0
1142,22083,0,1,0,0
1143,22085,0,1,3,0
1144,22087,0,4,0,0
1145,22089,0,5,0,0
1146,22091,0,1,1,0
1147,22093,0,2,2,0
1148,22095,0,4,1,0
1149,22097,0,4,3,0
1150,22099,0,3,2,0
1151,22101,0,4,1,0
1152,22103,0,6,3,0
1153,22105,0,7,2,0
1154,22107,0,0,1,0
1155,22109,0,4,1,0
1156,22111,0,2,1,0
1157,22113,0,3,4,0
1158,22115,0,2,1,1
1159,22117,0,2,1,0
1160,22119,0,3,2,0
1161,22121,1,3,1,0
1162,22125,0,1,0,0
1163,22127,0,1,1,0
1164,23001,1,5,0,2
1165,23003,1,2,0,2
1166,23005,2,6,0,3
1167,23007,2,1,0,3
1168,23009,3,3,0,4
1169,23011,2,4,0,3
1170,23013,1,2,0,5
1171,23015,0,1,0,5
1172,23017,1,2,0,2
1173,23019,5,3,0,5
1174,23021,0,2,0,4
1175,23023,1,3,0,2
1176,23025,2,2,0,3
1177,23027,2,2,0,5
1178,23029,3,3,0,3
1179,23031,1,6,0,3
1180,24001,1,5,0,1
1181,24003,0,10,0,1
1182,24005,0,15,0,2
1183,24009,0,6,0,0
1184,24011,0,3,0,2
1185,24013,0,8,0,2
1186,24015,1,6,0,2
1187,24017,0,6,1,1
1188,24019,0,5,1,0
1189,24021,0,11,0,2
1190,24023,1,6,0,0
1191,24025,1,7,0,1
1192,24027,1,13,0,2
1193,24029,0,4,0,2
1194,24031,0,18,1,0
1195,24033,0,12,0,0
1196,24035,0,4,1,2
1197,24037,0,7,0,1
1198,24039,0,3,2,0
1199,24041,0,6,1,2
1200,24043,0,10,0,1
1201,24045,0,7,1,0
1202,24047,0,3,3,0
1203,24510,0,11,0,0
1204,25001,0,9,1,0
1205,25003,1,7,0,2
1206,25005,0,9,0,0
1207,25007,0,3,0,1
1208,25009,1,10,1,2
1209,25011,1,6,0,1
1210,25013,1,10,1,2
1211,25015,1,6,0,1
1212,25017,0,14,1,3
1213,25019,0,3,0,0
1214,25021,0,14,2,2
1215,25023,0,8,0,2
1216,25025,0,15,0,1
1217,25027,0,10,0,2
1218,26001,0,3,0,0
1219,26003,0,0,0,1
1220,26005,2,7,1,5
1221,26007,2,3,0,1
1222,26009,1,4,1,2
1223,26011,2,4,1,3
1224,26013,1,0,0,0
1225,26015,1,5,1,5
1226,26017,2,4,1,5
1227,26019,1,2,1,2
1228,26021,3,6,1,1
1229,26023,1,5,2,1
1230,26025,0,8,2,7
1231,26027,2,4,1,2
1232,26029,1,3,1,2
1233,26031,1,5,0,1
1234,26033,0,2,0,1
1235,26035,2,3,0,4
1236,26037,6,6,2,3
1237,26039,1,2,1,1
1238,26041,1,3,0,3
1239,26043,2,1,0,2
1240,26045,1,7,2,4
1241,26047,1,3,0,2
1242,26049,2,7,1,2
1243,26051,0,3,0,3
1244,26053,1,0,0,2
1245,26055,1,5,0,1
1246,26057,4,4,0,5
1247,26059,2,4,1,3
1248,26061,2,1,0,1
1249,26063,2,4,0,3
1250,26065,2,11,2,3
1251,26067,3,7,1,5
1252,26069,0,2,1,2
1253,26071,1,2,0,2
1254,26073,4,5,0,6
1255,26075,2,7,2,3
1256,26077,1,7,2,4
1257,26079,1,4,0,1
1258,26081,3,11,2,5
1259,26083,2,0,1,0
1260,26085,0,0,2,4
1261,26087,2,3,1,2
1262,26089,1,2,1,1
1263,26091,2,5,0,3
1264,26093,2,7,2,2
1265,26095,0,1,0,1
1266,26097,1,2,0,2
1267,26099,1,10,2,1
1268,26101,0,2,0,4
1269,26103,1,3,0,2
1270,26105,0,4,1,4
1271,26107,1,4,1,4
1272,26109,0,1,0,2
1273,26111,3,5,0,7
1274,26113,0,3,0,2
1275,26115,2,7,0,2
1276,26117,3,5,0,6
1277,26119,2,4,0,0
1278,26121,0,6,2,4
1279,26123,0,4,3,6
1280,26125,2,14,4,1
1281,26127,0,3,4,5
1282,26129,0,5,1,3
1283,26133,1,2,0,4
1284,26135,0,4,0,0
1285,26137,2,5,1,3
1286,26139,2,10,2,4
1287,26141,2,4,0,0
1288,26143,1,3,0,1
1289,26145,4,9,1,5
1290,26147,2,7,0,2
1291,26149,2,6,1,1
1292,26151,2,5,0,2
1293,26153,0,2,0,0
1294,26155,4,5,2,4
1295,26157,2,4,0,3
1296,26159,1,5,1,4
1297,26161,3,9,3,1
1298,26163,0,13,4,1
1299,26165,0,4,0,3
1300,27001,0,3,0,4
1301,27003,1,8,0,2
1302,27005,0,5,0,3
1303,27007,1,2,0,3
1304,27009,2,5,0,2
1305,27011,2,2,0,2
1306,27013,1,5,0,5
1307,27015,1,3,0,4
1308,27017,1,5,0,2
1309,27019,0,8,0,4
1310,27021,1,5,0,5
1311,27023,1,3,0,5
1312,27025,1,4,0,3
1313,27027,4,4,0,0
1314,27029,0,2,0,2
1315,27031,0,1,0,0
1316,27033,2,3,0,6
1317,27035,0,5,0,2
1318,27037,2,11,0,3
1319,27039,2,2,0,3
1320,27041,3,4,0,3
1321,27043,2,2,0,3
1322,27045,2,3,0,2
1323,27047,2,4,0,3
1324,27049,2,4,0,3
1325,27051,3,2,0,1
1326,27053,2,15,1,3
1327,27055,1,2,0,0
1328,27057,1,2,0,4
1329,27059,1,5,0,2
1330,27061,0,4,0,3
1331,27063,2,3,0,7
1332,27065,1,3,0,2
1333,27067,0,5,0,5
1334,27069,1,1,0,0
1335,27071,1,2,0,1
1336,27073,2,3,0,3
1337,27075,1,3,0,0
1338,27077,0,1,0,2
1339,27079,2,4,0,5
1340,27081,2,3,0,2
1341,27083,3,3,0,3
1342,27085,0,1,0,5
1343,27087,0,2,0,1
1344,27089,2,2,0,1
1345,27091,2,2,0,3
1346,27093,0,2,0,5
1347,27095,1,5,0,3
1348,27097,1,4,0,4
1349,27099,1,3,0,4
1350,27101,2,2,0,5
1351,27103,0,4,0,4
1352,27105,1,3,0,5
1353,27107,1,0,0,1
1354,27109,2,6,0,4
1355,27111,5,3,0,5
1356,27113,1,1,0,1
1357,27115,1,3,0,3
1358,27117,3,3,0,2
1359,27119,2,4,0,2
1360,27121,1,1,0,4
1361,27123,3,10,0,1
1362,27125,0,2,0,1
1363,27127,1,2,0,3
1364,27129,1,2,0,5
1365,27131,0,8,0,4
1366,27133,4,3,0,1
1367,27135,0,2,0,0
1368,27137,2,5,0,5
1369,27139,0,8,0,2
1370,27141,2,7,0,0
1371,27143,0,2,0,5
1372,27145,1,6,0,5
1373,27147,2,4,0,3
1374,27149,1,1,0,2
1375,27151,1,2,0,4
1376,27153,3,1,0,4
1377,27155,1,2,0,2
1378,27157,2,2,0,1
1379,27159,3,1,0,3
1380,27161,1,3,0,4
1381,27163,2,8,0,0
1382,27165,1,4,0,3
1383,27167,4,2,0,2
1384,27169,1,4,0,2
1385,27171,1,8,0,3
1386,27173,3,2,0,3
1387,28001,0,3,0,0
1388,28003,0,3,1,0
1389,28005,0,1,1,0
1390,28007,0,1,1,0
1391,28009,0,3,1,0
1392,28011,0,2,1,0
1393,28013,0,3,2,1
1394,28015,0,0,2,0
1395,28017,0,2,2,1
1396,28019,0,0,1,0
1397,28021,0,1,0,0
1398,28023,0,2,0,1
1399,28025,0,3,0,0
1400,28027,0,4,0,0
1401,28029,0,3,0,0
1402,28031,0,3,1,0
1403,28033,0,4,0,0
1404,28035,0,4,2,0
1405,28037,0,1,1,0
1406,28039,0,4,1,0
1407,28041,0,1,0,1
1408,28043,0,2,0,1
1409,28045,0,3,1,0
1410,28047,0,4,1,0
1411,28049,0,5,1,0
1412,28051,0,2,0,0
1413,28053,0,2,0,0
1414,28057,0,2,2,0
1415,28059,0,5,1,0
1416,28061,0,2,0,0
1417,28063,0,1,0,0
1418,28065,0,1,0,0
1419,28067,0,4,2,0
1420,28069,0,1,1,0
1421,28071,0,3,3,0
1422,28073,0,3,1,0
1423,28075,0,6,0,0
1424,28077,0,1,0,0
1425,28079,0,1,1,0
1426,28081,0,5,2,0
1427,28083,0,3,2,0
1428,28085,0,4,1,0
1429,28087,0,5,1,0
1430,28089,0,5,1,0
1431,28091,0,3,1,1
1432,28093,0,2,1,0
1433,28095,0,3,3,0
1434,28097,0,2,0,0
1435,28099,0,4,1,0
1436,28101,0,3,1,0
1437,28103,0,1,0,0
1438,28105,1,3,2,0
1439,28107,0,2,1,0
1440,28109,0,2,1,0
1441,28111,0,2,1,0
1442,28113,0,3,1,0
1443,28115,0,4,3,0
1444,28117,0,4,1,0
1445,28119,0,2,1,0
1446,28121,0,6,0,0
1447,28123,0,2,1,0
1448,28127,0,2,0,0
1449,28129,0,3,1,0
1450,28131,0,2,1,0
1451,28133,0,1,3,0
1452,28135,0,3,1,0
1453,28137,0,2,1,0
1454,28139,0,4,2,0
1455,28141,0,4,2,0
1456,28143,0,4,0,0
1457,28145,0,4,2,1
1458,28147,0,1,0,0
1459,28149,0,4,1,0
1460,28151,0,3,1,0
1461,28153,0,1,0,1
1462,28155,0,1,1,1
1463,28157,0,1,1,0
1464,28159,0,2,1,0
1465,28161,0,2,3,1
1466,28163,0,2,0,0
1467,29001,0,2,0,2
1468,29003,0,1,1,4
1469,29005,0,2,0,0
1470,29007,2,1,0,4
1471,29009,1,2,2,2
1472,29011,5,2,1,2
1473,29013,4,1,1,4
1474,29015,0,1,1,3
1475,29017,0,0,1,2
1476,29019,1,4,1,4
1477,29021,1,3,1,7
1478,29023,1,1,2,3
1479,29025,1,2,0,2
1480,29027,3,2,0,4
1481,29029,1,2,1,3
1482,29031,1,3,1,2
1483,29033,1,2,0,4
1484,29035,0,1,0,2
1485,29037,4,4,1,6
1486,29039,3,1,0,4
1487,29041,0,2,0,3
1488,29043,3,3,1,5
1489,29045,0,2,0,2
1490,29047,3,6,2,5
1491,29049,3,2,1,7
1492,29051,0,3,1,3
1493,29053,1,2,1,2
1494,29055,1,2,0,3
1495,29057,2,1,1,1
1496,29059,3,1,1,2
1497,29061,0,2,0,3
1498,29063,1,2,0,5
1499,29065,1,1,0,1
1500,29067,1,2,0,3
1501,29069,1,0,3,2
1502,29071,3,4,2,3
1503,29073,1,1,2,3
1504,29075,0,2,0,4
1505,29077,5,5,1,5
1506,29079,0,0,1,1
1507,29081,0,1,0,2
1508,29083,0,1,0,3
1509,29085,1,2,1,2
1510,29087,0,1,0,3
1511,29089,0,2,0,3
1512,29091,2,2,0,3
1513,29093,0,1,0,0
1514,29095,3,8,4,5
1515,29097,5,4,2,4
1516,29099,1,4,1,3
1517,29101,1,3,1,3
1518,29103,0,2,0,1
1519,29105,2,2,1,3
1520,29107,2,3,1,4
1521,29109,2,2,1,3
1522,29111,1,1,0,1
1523,29113,0,3,1,1
1524,29115,0,1,1,2
1525,29117,1,2,0,3
1526,29119,0,2,3,1
1527,29121,0,2,0,1
1528,29123,0,1,0,3
1529,29125,0,1,0,2
1530,29127,2,2,0,2
1531,29129,0,0,0,1
1532,29131,0,1,1,3
1533,29133,0,0,2,1
1534,29135,0,2,0,3
1535,29137,1,1,0,2
1536,29139,1,2,1,2
1537,29141,0,1,1,2
1538,29143,0,0,2,2
1539,29145,2,2,4,2
1540,29147,0,2,1,3
1541,29149,1,2,0,2
1542,29151,0,2,0,2
1543,29153,0,1,0,2
1544,29155,0,1,3,2
1545,29157,1,1,0,2
1546,29159,2,3,0,3
1547,29161,1,2,0,3
1548,29163,1,1,1,2
1549,29165,2,4,2,6
1550,29167,3,2,0,5
1551,29169,1,3,1,2
1552,29171,0,0,0,2
1553,29173,1,1,0,2
1554,29175,1,2,0,3
1555,29177,3,2,0,7
1556,29179,0,1,0,1
1557,29181,0,0,0,2
1558,29183,0,6,2,2
1559,29185,0,1,0,1
1560,29186,0,1,1,1
1561,29187,0,2,1,4
1562,29189,2,7,2,2
1563,29195,3,2,1,2
1564,29197,0,0,0,2
1565,29199,0,2,0,2
1566,29201,0,3,1,2
1567,29203,0,2,0,2
1568,29205,0,1,0,2
1569,29207,1,1,2,2
1570,29209,0,1,1,3
1571,29211,0,0,0,1
1572,29213,0,4,1,4
1573,29215,0,2,0,2
1574,29217,7,1,0,2
1575,29219,1,2,1,2
1576,29221,1,2,0,3
1577,29223,0,1,1,2
1578,29225,2,1,1,3
1579,29227,0,0,0,1
1580,29229,0,1,1,3
1581,29510,0,9,2,2
1582,30001,1,2,0,1
1583,30003,5,2,0,0
1584,30005,2,1,0,0
1585,30007,1,1,0,2
1586,30009,5,3,0,1
1587,30011,2,0,0,1
1588,30013,2,3,0,2
1589,30015,1,0,0,2
1590,30017,2,1,0,0
1591,30019,1,0,0,0
1592,30021,1,2,0,0
1593,30023,0,2,0,0
1594,30025,1,0,0,1
1595,30027,2,3,0,1
1596,30029,2,3,0,2
1597,30031,2,4,0,4
1598,30033,1,0,0,0
1599,30035,1,2,0,1
1600,30037,2,0,0,0
1601,30041,3,2,0,0
1602,30043,0,1,0,3
1603,30045,2,0,0,2
1604,30047,1,2,0,1
1605,30049,1,3,0,2
1606,30051,1,0,0,1
1607,30053,0,3,0,1
1608,30055,2,0,0,0
1609,30057,1,1,0,2
1610,30059,1,0,0,2
1611,30061,1,0,0,0
1612,30063,3,6,0,1
1613,30065,2,0,0,0
1614,30067,3,2,0,1
1615,30069,1,0,0,0
1616,30071,2,2,0,0
1617,30073,2,2,0,1
1618,30075,1,0,0,0
1619,30077,0,1,0,0
1620,30079,1,0,0,0
1621,30081,1,2,0,0
1622,30083,2,2,0,0
1623,30085,2,2,0,0
1624,30087,2,2,0,0
1625,30089,1,1,0,0
1626,30091,1,0,0,0
1627,30093,2,3,0,2
1628,30095,5,2,0,0
1629,30097,1,0,0,0
1630,30099,1,1,0,2
1631,30101,0,3,0,1
1632,30103,1,0,0,0
1633,30105,3,0,0,0
1634,30107,2,1,0,0
1635,30109,1,1,0,0
1636,30111,8,5,0,1
1637,31001,2,2,0,3
1638,31003,4,1,0,1
1639,31007,0,1,0,1
1640,31009,0,0,0,1
1641,31011,3,2,0,1
1642,31013,0,1,0,4
1643,31015,2,1,0,0
1644,31017,1,2,0,1
1645,31019,3,4,0,2
1646,31021,3,1,0,2
1647,31023,2,1,0,0
1648,31025,2,2,1,2
1649,31027,5,1,0,1
1650,31029,2,0,0,0
1651,31031,1,1,0,1
1652,31033,1,2,0,4
1653,31035,4,0,0,2
1654,31037,4,2,0,2
1655,31039,4,1,0,1
1656,31041,2,1,0,3
1657,31043,1,2,1,3
1658,31045,2,2,0,2
1659,31047,2,3,0,3
1660,31049,1,1,0,1
1661,31051,3,1,0,0
1662,31053,3,3,0,2
1663,31055,2,5,1,2
1664,31057,2,2,0,0
1665,31059,3,1,0,3
1666,31061,3,1,0,0
1667,31063,1,1,0,1
1668,31065,0,2,0,2
1669,31067,3,1,0,1
1670,31069,0,1,0,1
1671,31071,0,0,0,2
1672,31073,0,2,0,3
1673,31077,2,1,0,2
1674,31079,3,3,0,4
1675,31081,3,1,0,2
1676,31083,3,3,0,2
1677,31085,2,0,0,0
1678,31087,3,1,0,1
1679,31089,3,2,0,2
1680,31091,1,0,0,0
1681,31093,1,2,0,3
1682,31095,3,1,0,2
1683,31097,2,1,0,1
1684,31099,3,3,0,2
1685,31101,3,2,0,1
1686,31103,1,0,0,0
1687,31105,0,1,0,3
1688,31107,2,1,0,0
1689,31109,4,5,0,3
1690,31111,2,3,0,2
1691,31113,1,0,0,1
1692,31115,1,0,0,1
1693,31117,1,0,0,1
1694,31119,3,4,0,1
1695,31121,2,2,0,2
1696,31123,0,1,0,3
1697,31125,3,2,0,1
1698,31127,2,2,0,2
1699,31129,3,1,0,2
1700,31131,2,2,0,2
1701,31133,2,1,0,1
1702,31135,1,0,0,0
1703,31137,3,4,0,2
1704,31139,2,1,0,2
1705,31141,5,3,0,2
1706,31143,1,2,0,1
1707,31145,3,2,0,2
1708,31147,1,1,0,1
1709,31149,1,0,0,2
1710,31151,2,1,0,2
1711,31153,2,5,1,0
1712,31155,2,2,0,0
1713,31157,0,3,0,3
1714,31159,3,1,0,2
1715,31161,2,1,0,1
1716,31163,0,1,0,2
1717,31165,1,1,0,4
1718,31167,4,2,0,3
1719,31169,4,1,0,2
1720,31171,1,0,0,0
1721,31173,3,2,0,0
1722,31175,0,1,0,2
1723,31177,4,2,0,0
1724,31179,2,1,0,2
1725,31181,3,0,0,1
1726,31183,2,0,0,1
1727,31185,3,3,0,3
1728,32001,0,2,0,1
1729,32003,1,16,2,2
1730,32005,0,5,0,1
1731,32007,1,5,0,1
1732,32009,0,1,0,0
1733,32011,0,2,0,1
1734,32013,1,2,0,2
1735,32015,0,1,0,1
1736,32017,0,1,0,0
1737,32019,0,6,0,1
1738,32023,0,3,2,0
1739,32027,2,3,0,0
1740,32029,1,5,0,0
1741,32031,1,10,0,0
1742,32033,1,1,1,1
1743,32510,0,6,0,0
1744,33001,0,5,0,2
1745,33003,0,4,0,4
1746,33005,0,4,0,1
1747,33007,1,2,0,1
1748,33009,0,5,0,3
1749,33011,1,6,0,2
1750,33013,1,6,0,3
1751,33015,0,6,0,3
1752,33017,0,4,0,2
1753,33019,0,4,0,2
1754,34001,0,9,0,0
1755,34003,0,13,0,0
1756,34005,1,10,1,0
1757,34007,0,10,0,0
1758,34009,0,8,0,0
1759,34011,0,8,0,0
1760,34013,0,15,1,0
1761,34015,0,11,0,0
1762,34017,0,20,0,0
1763,34019,1,8,0,0
1764,34021,0,14,0,0
1765,34023,0,14,1,0
1766,34025,0,9,0,0
1767,34027,1,10,0,0
1768,34029,0,10,0,0
1769,34031,0,10,0,0
1770,34033,0,7,0,0
1771,34035,0,11,0,1
1772,34037,0,8,0,0
1773,34039,0,11,1,0
1774,34041,1,11,0,0
1775,35001,3,8,1,3
1776,35005,2,4,2,0
1777,35006,0,2,3,2
1778,35007,1,2,0,0
1779,35009,2,2,2,0
1780,35011,2,1,1,0
1781,35013,3,4,2,1
1782,35015,2,4,3,1
1783,35017,0,2,0,2
1784,35019,1,2,0,0
1785,35021,0,1,0,0
1786,35023,0,2,0,1
1787,35025,2,3,4,1
1788,35027,0,2,1,2
1789,35028,0,3,0,3
1790,35029,0,3,0,1
1791,35031,0,4,2,0
1792,35033,0,2,1,0
1793,35035,0,2,3,1
1794,35037,1,2,1,0
1795,35039,0,4,1,2
1796,35041,2,3,1,1
1797,35043,1,5,1,3
1798,35045,3,6,1,0
1799,35047,1,3,1,1
1800,35049,2,5,0,4
1801,35051,0,1,0,1
1802,35053,0,1,0,2
1803,35055,0,3,0,1
1804,35057,1,2,0,2
1805,35059,0,1,0,1
1806,35061,1,4,0,1
1807,36001,2,7,0,1
1808,36003,0,3,0,0
1809,36005,0,11,0,0
1810,36007,0,6,0,2
1811,36009,0,4,0,2
1812,36011,1,6,0,2
1813,36013,0,4,0,1
1814,36015,0,5,0,1
1815,36017,0,2,0,3
1816,36019,3,4,0,1
1817,36021,2,4,0,3
1818,36023,0,3,0,1
1819,36025,1,4,0,6
1820,36027,2,11,0,2
1821,36029,0,12,0,1
1822,36031,4,4,0,1
1823,36033,2,2,0,1
1824,36035,0,2,0,0
1825,36037,0,7,0,0
1826,36039,2,3,0,3
1827,36041,0,1,0,1
1828,36043,0,5,0,1
1829,36045,2,4,0,1
1830,36047,0,14,1,2
1831,36049,0,2,0,0
1832,36051,0,4,0,0
1833,36053,0,5,0,1
1834,36055,0,11,0,1
1835,36057,0,5,0,0
1836,36059,1,9,1,1
1837,36061,1,22,1,3
1838,36063,0,7,0,0
1839,36065,1,6,0,1
1840,36067,0,8,0,1
1841,36069,0,7,0,0
1842,36071,0,10,0,1
1843,36073,0,5,0,0
1844,36075,0,4,0,0
1845,36077,0,7,0,1
1846,36079,0,7,0,1
1847,36081,0,12,0,1
1848,36083,2,5,0,2
1849,36085,0,7,0,1
1850,36087,0,7,0,1
1851,36089,2,3,0,2
1852,36091,1,7,0,2
1853,36093,0,5,0,2
1854,36095,1,4,0,3
1855,36097,0,2,0,1
1856,36099,0,3,0,2
1857,36101,0,4,0,0
1858,36103,0,9,0,2
1859,36105,0,4,0,2
1860,36107,0,4,0,1
1861,36109,1,6,0,2
1862,36111,0,6,0,3
1863,36113,1,5,0,0
1864,36115,1,3,0,1
1865,36117,0,5,0,1
1866,36119,0,11,0,1
1867,36121,0,4,0,0
1868,36123,0,3,0,0
1869,37001,1,4,1,0
1870,37003,1,1,0,1
1871,37005,1,1,0,0
1872,37007,0,1,1,0
1873,37009,2,1,0,1
1874,37011,1,0,1,1
1875,37013,0,3,1,0
1876,37015,0,1,1,0
1877,37017,0,2,0,0
1878,37019,0,2,1,0
1879,37021,1,4,1,1
1880,37023,1,2,1,1
1881,37025,0,6,0,1
1882,37027,2,2,1,0
1883,37029,0,1,0,0
1884,37031,0,2,1,0
1885,37033,0,2,2,0
1886,37035,0,3,1,1
1887,37037,1,4,1,0
1888,37039,0,2,0,3
1889,37041,0,2,0,0
1890,37043,0,2,0,2
1891,37045,0,2,1,1
1892,37047,1,1,0,0
1893,37049,0,4,1,0
1894,37051,0,7,0,0
1895,37053,0,3,0,0
1896,37055,0,2,1,0
1897,37057,1,4,0,1
1898,37059,0,3,0,1
1899,37061,0,2,1,0
1900,37063,0,8,1,2
1901,37065,0,3,1,0
1902,37067,0,7,1,2
1903,37069,0,2,1,0
1904,37071,0,5,1,0
1905,37073,0,1,1,0
1906,37075,1,2,0,1
1907,37077,0,4,1,0
1908,37079,0,3,2,0
1909,37081,1,6,0,2
1910,37083,0,3,2,0
1911,37085,0,4,1,0
1912,37087,0,1,0,1
1913,37089,1,2,0,2
1914,37091,0,2,2,0
1915,37093,0,1,1,0
1916,37095,0,1,0,0
1917,37097,1,4,0,1
1918,37099,1,3,0,3
1919,37101,0,4,1,0
1920,37103,0,2,1,0
1921,37105,0,3,1,0
1922,37107,0,3,2,0
1923,37109,0,2,2,0
1924,37111,0,3,1,3
1925,37113,0,2,0,2
1926,37115,0,3,0,2
1927,37117,0,3,1,0
1928,37119,0,11,2,0
1929,37121,0,2,1,2
1930,37123,1,2,1,0
1931,37125,1,3,2,0
1932,37127,0,4,1,0
1933,37129,0,3,2,1
1934,37131,0,1,1,0
1935,37133,0,2,1,0
1936,37135,1,4,1,0
1937,37137,0,3,1,0
1938,37139,0,4,2,0
1939,37141,0,1,1,0
1940,37143,0,1,2,0
1941,37145,0,3,2,0
1942,37147,0,4,1,0
1943,37149,1,1,1,1
1944,37151,1,4,0,0
1945,37153,0,3,1,0
1946,37155,1,2,2,0
1947,37157,0,2,0,0
1948,37159,0,4,0,1
1949,37161,1,3,1,1
1950,37163,0,3,2,0
1951,37165,0,3,1,0
1952,37167,0,3,0,0
1953,37169,0,3,0,1
1954,37171,0,2,0,1
1955,37173,1,2,0,1
1956,37175,1,3,0,1
1957,37177,0,1,0,0
1958,37179,0,5,0,0
1959,37181,0,3,0,0
1960,37183,0,11,1,0
1961,37185,0,2,0,0
1962,37187,0,1,0,0
1963,37189,2,2,0,0
1964,37191,0,3,2,0
1965,37193,1,3,0,1
1966,37195,0,3,3,0
1967,37197,0,2,0,1
1968,37199,0,2,0,2
1969,38001,1,0,0,1
1970,38003,3,2,0,1
1971,38005,1,0,0,0
1972,38007,0,1,0,0
1973,38009,2,0,1,0
1974,38011,1,1,0,0
1975,38015,1,3,0,0
1976,38017,3,4,0,0
1977,38019,2,0,0,1
1978,38023,1,0,0,0
1979,38025,1,1,0,0
1980,38027,2,0,0,1
1981,38029,0,1,0,0
1982,38031,2,0,0,1
1983,38033,1,0,0,0
1984,38035,2,3,0,0
1985,38037,0,1,0,1
1986,38039,3,0,0,1
1987,38043,0,0,0,1
1988,38045,0,0,0,1
1989,38047,0,0,0,1
1990,38049,4,0,1,0
1991,38053,3,0,0,0
1992,38055,2,0,0,0
1993,38057,1,0,0,0
1994,38059,1,2,0,0
1995,38061,1,0,0,0
1996,38063,2,0,0,0
1997,38065,1,0,0,0
1998,38067,2,0,0,1
1999,38069,3,0,1,0
2000,38071,2,1,0,0
2001,38073,1,0,0,0
2002,38075,2,0,0,0
2003,38077,3,1,0,1
2004,38079,3,0,1,0
2005,38081,0,1,0,1
2006,38083,2,0,0,0
2007,38085,0,0,0,1
2008,38089,1,3,0,0
2009,38091,2,1,0,0
2010,38093,1,2,0,1
2011,38095,2,0,1,1
2012,38097,2,1,0,0
2013,38099,2,2,0,0
2014,38101,3,3,0,0
2015,38103,3,0,0,1
2016,38105,3,3,0,0
2017,39001,0,3,1,2
2018,39003,5,4,1,2
2019,39005,1,4,1,1
2020,39007,2,4,1,1
2021,39009,2,3,2,3
2022,39011,5,4,0,2
2023,39013,1,6,1,2
2024,39015,2,3,1,3
2025,39017,1,9,1,3
2026,39019,2,4,1,0
2027,39021,2,3,1,3
2028,39023,2,5,1,1
2029,39025,1,5,1,2
2030,39027,1,5,1,0
2031,39029,2,5,1,0
2032,39031,2,4,1,0
2033,39033,2,3,1,1
2034,39035,2,11,2,1
2035,39037,2,4,1,5
2036,39039,5,3,0,4
2037,39041,2,9,2,2
2038,39043,2,5,1,0
2039,39045,1,8,2,2
2040,39047,2,6,1,0
2041,39049,2,13,2,4
2042,39051,4,3,1,2
2043,39053,2,4,2,0
2044,39055,1,5,2,1
2045,39057,1,7,1,0
2046,39059,3,4,2,0
2047,39061,1,7,2,1
2048,39063,3,5,1,2
2049,39065,2,3,1,2
2050,39067,2,4,1,0
2051,39069,4,3,1,4
2052,39071,2,3,1,3
2053,39073,2,3,1,2
2054,39075,3,3,1,1
2055,39077,2,3,1,0
2056,39079,2,3,1,3
2057,39081,1,6,2,1
2058,39083,1,5,1,0
2059,39085,2,6,1,1
2060,39087,3,4,1,0
2061,39089,1,6,2,1
2062,39091,1,3,1,3
2063,39093,3,6,2,0
2064,39095,4,10,1,3
2065,39097,3,5,1,1
2066,39099,2,7,2,1
2067,39101,2,6,1,4
2068,39103,2,6,2,3
2069,39105,1,2,2,1
2070,39107,4,4,1,2
2071,39109,1,5,1,1
2072,39111,1,2,2,2
2073,39113,1,10,2,4
2074,39115,1,2,1,1
2075,39117,2,4,1,2
2076,39119,2,5,1,0
2077,39121,1,3,2,0
2078,39123,1,3,1,0
2079,39125,3,2,0,4
2080,39127,0,4,1,3
2081,39129,2,4,1,1
2082,39131,1,3,1,2
2083,39133,2,7,2,2
2084,39135,1,4,1,3
2085,39137,3,2,1,3
2086,39139,1,6,1,2
2087,39141,3,6,1,2
2088,39143,1,3,1,0
2089,39145,1,4,1,2
2090,39147,3,4,1,1
2091,39149,2,3,1,1
2092,39151,2,8,1,1
2093,39153,1,9,1,4
2094,39155,1,6,2,1
2095,39157,2,6,1,1
2096,39159,3,6,2,2
2097,39161,3,3,1,2
2098,39163,2,2,1,2
2099,39165,2,6,1,2
2100,39167,2,5,3,2
2101,39169,2,5,1,4
2102,39171,3,4,1,4
2103,39173,3,5,1,2
2104,39175,2,3,1,3
2105,40001,0,3,4,0
2106,40003,2,2,2,0
2107,40005,1,0,2,1
2108,40007,0,1,1,0
2109,40009,0,2,0,1
2110,40011,0,1,1,0
2111,40013,1,1,3,0
2112,40015,0,2,1,2
2113,40017,2,4,0,5
2114,40019,0,4,1,2
2115,40021,0,2,5,1
2116,40023,0,1,4,0
2117,40025,1,0,0,0
2118,40027,0,5,3,3
2119,40029,0,0,2,1
2120,40031,3,5,2,2
2121,40033,0,1,1,1
2122,40035,4,2,4,2
2123,40037,5,3,3,2
2124,40039,1,1,1,1
2125,40041,1,3,6,0
2126,40043,0,0,0,1
2127,40045,0,1,1,1
2128,40047,2,2,2,1
2129,40049,1,3,3,2
2130,40051,1,2,1,2
2131,40053,1,0,1,0
2132,40055,0,0,1,0
2133,40057,0,1,0,0
2134,40059,0,1,0,0
2135,40061,0,1,4,0
2136,40063,0,1,4,0
2137,40065,0,2,1,0
2138,40067,0,1,3,1
2139,40069,0,1,2,2
2140,40071,1,3,2,1
2141,40073,0,2,0,2
2142,40075,0,1,1,0
2143,40077,0,1,2,0
2144,40079,0,3,5,1
2145,40081,3,2,1,2
2146,40083,0,3,0,2
2147,40085,0,3,1,2
2148,40087,1,3,1,2
2149,40089,0,2,3,1
2150,40091,0,1,4,0
2151,40093,0,2,2,0
2152,40095,1,2,2,0
2153,40097,1,5,4,3
2154,40099,0,2,1,2
2155,40101,2,3,5,2
2156,40103,1,0,2,1
2157,40105,5,1,2,1
2158,40107,3,0,1,0
2159,40109,1,6,2,7
2160,40111,3,3,2,2
2161,40113,7,5,3,2
2162,40115,1,3,4,1
2163,40117,1,1,2,1
2164,40119,3,3,2,2
2165,40121,1,3,4,0
2166,40123,0,3,3,2
2167,40125,1,4,3,3
2168,40127,0,0,2,0
2169,40129,0,1,0,1
2170,40131,3,3,3,3
2171,40133,0,3,3,0
2172,40135,0,3,4,1
2173,40137,0,3,1,1
2174,40139,0,2,1,0
2175,40141,0,0,1,1
2176,40143,5,6,5,4
2177,40145,2,2,4,2
2178,40147,5,4,2,1
2179,40149,0,1,0,0
2180,40151,2,2,2,0
2181,40153,1,2,1,1
2182,41001,1,3,0,2
2183,41003,3,5,0,3
2184,41005,3,8,0,2
2185,41007,0,4,0,1
2186,41009,1,7,0,2
2187,41011,2,7,0,3
2188,41013,5,2,0,2
2189,41015,0,2,0,2
2190,41017,4,6,0,2
2191,41019,2,6,0,2
2192,41021,2,2,0,1
2193,41023,0,3,0,2
2194,41025,1,2,0,1
2195,41027,1,4,0,1
2196,41029,2,7,0,3
2197,41031,4,4,0,2
2198,41033,0,6,0,1
2199,41035,2,4,0,2
2200,41037,1,2,0,1
2201,41039,4,7,0,4
2202,41041,1,4,0,4
2203,41043,3,6,0,5
2204,41045,3,6,0,2
2205,41047,4,10,1,4
2206,41049,2,2,0,3
2207,41051,2,11,0,3
2208,41053,3,5,0,4
2209,41055,1,2,0,1
2210,41057,0,3,0,4
2211,41059,1,5,0,3
2212,41061,0,4,0,2
2213,41063,1,3,0,3
2214,41065,3,5,0,1
2215,41067,1,10,0,3
2216,41069,0,1,0,0
2217,41071,1,6,0,5
2218,42001,0,9,0,1
2219,42003,2,11,0,3
2220,42005,1,4,0,3
2221,42007,2,5,0,1
2222,42009,0,6,0,2
2223,42011,3,9,0,2
2224,42013,0,7,0,4
2225,42015,4,6,0,4
2226,42017,1,11,0,0
2227,42019,1,7,0,2
2228,42021,1,5,0,4
2229,42023,1,2,0,0
2230,42025,3,6,0,2
2231,42027,3,5,0,3
2232,42029,1,11,0,2
2233,42031,1,5,0,2
2234,42033,2,3,0,3
2235,42035,2,4,0,2
2236,42037,1,7,0,3
2237,42039,1,4,0,2
2238,42041,1,9,0,3
2239,42043,2,9,0,3
2240,42045,1,11,0,1
2241,42047,1,4,0,0
2242,42049,1,7,0,1
2243,42051,2,5,0,3
2244,42053,1,2,0,0
2245,42055,0,7,0,1
2246,42057,0,5,0,1
2247,42059,0,4,0,3
2248,42061,1,6,0,2
2249,42063,1,3,0,3
2250,42065,2,3,0,2
2251,42067,1,3,0,1
2252,42069,3,7,0,0
2253,42071,2,10,0,2
2254,42073,1,6,0,1
2255,42075,2,6,0,0
2256,42077,3,10,0,2
2257,42079,4,9,0,2
2258,42081,3,6,0,0
2259,42083,3,7,0,2
2260,42085,1,6,0,1
2261,42087,1,5,0,2
2262,42089,3,8,0,2
2263,42091,0,11,0,3
2264,42093,0,3,0,2
2265,42095,4,9,1,1
2266,42097,1,5,0,2
2267,42099,2,5,0,1
2268,42101,1,14,1,1
2269,42103,1,5,0,0
2270,42105,3,4,0,1
2271,42107,1,8,0,4
2272,42109,1,4,0,2
2273,42111,1,6,0,3
2274,42113,4,4,0,1
2275,42115,1,4,0,1
2276,42117,4,5,0,0
2277,42119,2,5,0,2
2278,42121,1,4,0,1
2279,42123,2,5,0,1
2280,42125,1,6,0,4
2281,42127,1,4,0,2
2282,42129,1,7,0,5
2283,42131,1,3,0,1
2284,42133,2,9,0,2
2285,44001,0,3,0,2
2286,44003,0,7,0,0
2287,44005,0,5,0,0
2288,44007,0,9,1,1
2289,44009,0,6,0,0
2290,45001,0,5,2,0
2291,45003,1,5,2,2
2292,45005,0,4,1,1
2293,45007,1,5,1,1
2294,45009,0,3,1,1
2295,45011,0,3,2,2
2296,45013,0,5,1,0
2297,45015,0,6,4,1
2298,45017,0,3,3,0
2299,45019,0,11,3,1
2300,45021,1,4,1,1
2301,45023,0,3,1,0
2302,45025,0,2,2,0
2303,45027,0,1,1,0
2304,45029,0,4,3,1
2305,45031,0,6,1,0
2306,45033,0,4,1,0
2307,45035,0,4,3,0
2308,45037,0,3,1,1
2309,45039,0,4,0,0
2310,45041,0,3,0,0
2311,45043,0,6,2,1
2312,45045,2,9,2,1
2313,45047,1,4,2,0
2314,45049,0,5,0,0
2315,45051,0,5,0,1
2316,45053,0,3,1,0
2317,45055,0,4,1,1
2318,45057,0,3,0,0
2319,45059,1,5,2,0
2320,45061,0,1,1,0
2321,45063,1,6,2,0
2322,45065,0,2,1,0
2323,45067,0,1,0,0
2324,45069,0,3,1,0
2325,45071,1,4,0,0
2326,45073,0,3,0,0
2327,45075,0,5,2,2
2328,45077,1,5,0,0
2329,45079,1,8,4,1
2330,45081,1,3,0,0
2331,45083,2,6,4,1
2332,45085,0,5,1,0
2333,45087,0,2,1,0
2334,45089,0,3,0,0
2335,45091,0,5,1,0
2336,46003,2,1,0,1
2337,46005,5,1,0,4
2338,46007,1,0,0,0
2339,46009,4,1,0,1
2340,46011,3,2,0,1
2341,46013,1,2,0,2
2342,46015,1,2,0,0
2343,46017,0,0,0,1
2344,46019,3,1,0,1
2345,46021,0,0,0,1
2346,46023,2,0,0,2
2347,46025,2,0,0,1
2348,46027,3,1,0,3
2349,46029,3,2,0,1
2350,46031,0,0,1,1
2351,46033,2,1,0,1
2352,46035,4,2,0,0
2353,46037,3,1,0,1
2354,46039,1,2,0,3
2355,46041,1,0,1,1
2356,46043,2,1,0,0
2357,46045,1,1,0,2
2358,46047,1,0,0,0
2359,46049,0,1,0,2
2360,46051,3,2,0,1
2361,46053,2,0,0,0
2362,46055,1,1,0,0
2363,46057,1,1,0,2
2364,46059,1,2,0,2
2365,46061,2,1,0,0
2366,46063,0,0,0,1
2367,46065,2,2,0,1
2368,46067,4,0,0,1
2369,46069,0,0,0,1
2370,46071,1,1,0,0
2371,46073,1,0,0,1
2372,46075,1,0,0,0
2373,46077,4,2,0,0
2374,46079,6,1,0,1
2375,46081,2,2,0,0
2376,46083,5,3,0,2
2377,46085,2,1,0,1
2378,46087,4,1,0,0
2379,46089,0,1,0,1
2380,46091,0,0,0,2
2381,46093,4,1,0,1
2382,46095,1,0,0,0
2383,46097,2,0,0,0
2384,46099,5,3,0,2
2385,46101,4,1,0,1
2386,46103,4,3,0,1
2387,46105,1,0,0,1
2388,46107,0,1,0,1
2389,46109,2,2,0,1
2390,46111,2,1,0,0
2391,46113,1,0,0,0
2392,46115,3,2,0,2
2393,46117,2,1,0,1
2394,46119,1,0,0,1
2395,46121,2,1,0,0
2396,46123,1,0,0,0
2397,46125,3,1,0,1
2398,46127,3,2,0,4
2399,46129,1,0,0,1
2400,46135,4,2,0,1
2401,46137,1,1,1,1
2402,47001,0,6,0,1
2403,47003,0,4,3,0
2404,47005,0,2,1,2
2405,47007,2,2,0,0
2406,47009,2,6,0,0
2407,47011,2,5,0,0
2408,47013,0,3,2,0
2409,47015,0,1,1,0
2410,47017,0,2,1,2
2411,47019,0,3,0,0
2412,47021,0,2,0,0
2413,47023,0,2,1,0
2414,47025,0,4,1,0
2415,47027,1,0,0,0
2416,47029,2,3,0,0
2417,47031,1,5,3,0
2418,47033,0,2,2,1
2419,47035,1,4,1,0
2420,47037,1,12,1,1
2421,47039,0,1,2,1
2422,47041,0,3,1,0
2423,47043,0,6,1,1
2424,47045,0,4,4,0
2425,47047,0,3,2,0
2426,47049,0,1,0,0
2427,47051,1,3,2,0
2428,47053,0,4,3,0
2429,47055,2,2,1,1
2430,47057,0,2,0,0
2431,47059,1,4,0,0
2432,47061,2,0,2,0
2433,47063,0,4,2,0
2434,47065,3,6,1,1
2435,47067,1,3,1,0
2436,47069,0,2,3,0
2437,47071,0,2,1,0
2438,47073,0,3,0,0
2439,47075,0,3,1,0
2440,47077,0,3,2,1
2441,47079,1,4,1,1
2442,47081,1,1,2,0
2443,47083,0,1,0,0
2444,47085,0,1,1,3
2445,47087,1,1,1,0
2446,47089,2,2,0,0
2447,47091,1,3,0,0
2448,47093,1,9,1,1
2449,47095,0,0,2,0
2450,47097,0,4,3,0
2451,47099,1,2,1,1
2452,47101,1,0,2,0
2453,47103,0,3,2,0
2454,47105,0,4,0,1
2455,47107,1,4,0,1
2456,47109,0,3,2,0
2457,47111,1,3,0,0
2458,47113,0,5,2,0
2459,47115,3,3,1,0
2460,47117,0,1,1,1
2461,47119,1,4,0,0
2462,47121,1,1,0,0
2463,47123,1,3,0,2
2464,47125,0,5,0,0
2465,47127,1,1,1,0
2466,47129,1,1,1,0
2467,47131,0,2,3,0
2468,47133,0,2,1,0
2469,47135,1,0,1,1
2470,47137,0,1,0,0
2471,47139,2,1,0,1
2472,47141,0,6,1,0
2473,47143,2,5,1,0
2474,47145,0,4,0,0
2475,47147,0,4,0,0
2476,47149,0,5,1,1
2477,47151,0,2,0,0
2478,47153,2,1,0,0
2479,47155,3,4,0,0
2480,47157,1,12,2,0
2481,47159,1,2,1,0
2482,47161,0,0,0,1
2483,47163,0,5,0,1
2484,47165,1,5,0,1
2485,47167,0,3,2,0
2486,47169,1,2,1,0
2487,47171,0,4,0,0
2488,47173,0,3,1,1
2489,47175,1,1,1,0
2490,47177,1,4,2,0
2491,47179,0,6,0,1
2492,47181,1,0,2,1
2493,47183,0,3,3,0
2494,47185,1,4,1,0
2495,47187,0,6,0,1
2496,47189,0,5,1,1
2497,48001,2,5,2,1
2498,48003,0,1,6,1
2499,48005,0,5,1,2
2500,48007,0,3,1,1
2501,48009,2,2,3,0
2502,48011,0,0,3,0
2503,48013,2,5,3,2
2504,48015,0,4,1,2
2505,48017,1,1,2,0
2506,48019,3,1,1,2
2507,48021,1,4,3,1
2508,48023,0,0,1,0
2509,48025,0,2,1,1
2510,48027,2,6,6,2
2511,48029,4,13,2,3
2512,48031,3,2,0,2
2513,48033,1,0,1,0
2514,48035,0,2,2,0
2515,48037,0,6,3,0
2516,48039,1,10,4,6
2517,48041,1,10,3,2
2518,48043,0,2,1,2
2519,48045,0,0,1,0
2520,48047,0,2,1,0
2521,48049,4,5,4,2
2522,48051,1,4,2,0
2523,48053,2,6,1,2
2524,48055,0,5,2,0
2525,48057,2,5,1,0
2526,48059,2,0,2,1
2527,48061,0,7,2,2
2528,48063,1,1,2,0
2529,48065,0,1,4,0
2530,48067,1,2,6,0
2531,48069,2,1,5,0
2532,48071,1,6,1,1
2533,48073,0,5,3,2
2534,48075,0,2,2,0
2535,48077,1,1,3,1
2536,48079,1,1,0,0
2537,48081,3,2,1,0
2538,48083,4,2,2,1
2539,48085,4,14,5,4
2540,48087,0,1,3,0
2541,48089,0,3,4,3
2542,48091,0,6,1,3
2543,48093,2,4,5,1
2544,48095,4,1,0,0
2545,48097,1,6,2,1
2546,48099,1,4,5,0
2547,48101,0,0,2,0
2548,48103,0,0,5,0
2549,48105,1,3,1,0
2550,48107,1,0,2,0
2551,48109,0,1,2,0
2552,48111,0,1,2,0
2553,48113,4,19,7,3
2554,48115,1,1,2,0
2555,48117,1,0,2,0
2556,48119,1,2,3,1
2557,48121,2,14,5,2
2558,48123,0,3,2,1
2559,48125,1,1,1,0
2560,48127,0,4,2,0
2561,48129,0,1,2,0
2562,48131,0,3,2,1
2563,48133,2,3,5,1
2564,48135,1,5,5,1
2565,48137,1,1,1,1
2566,48139,2,10,2,2
2567,48141,1,8,6,1
2568,48143,2,8,3,0
2569,48145,0,2,4,0
2570,48147,3,2,4,0
2571,48149,0,3,2,2
2572,48151,0,0,2,0
2573,48153,0,1,4,0
2574,48155,0,1,0,0
2575,48157,0,14,2,4
2576,48159,1,3,2,0
2577,48161,0,3,3,0
2578,48163,0,4,4,0
2579,48165,0,1,5,1
2580,48167,1,10,2,1
2581,48169,0,1,3,0
2582,48171,2,3,1,1
2583,48173,2,0,0,0
2584,48175,1,1,3,1
2585,48177,0,3,2,1
2586,48179,1,2,3,0
2587,48181,3,10,4,1
2588,48183,1,8,7,3
2589,48185,1,4,2,1
2590,48187,0,7,1,2
2591,48189,3,2,5,0
2592,48191,0,1,2,0
2593,48193,1,2,3,0
2594,48195,0,1,2,0
2595,48197,0,1,1,0
2596,48199,0,4,0,0
2597,48201,4,19,7,6
2598,48203,1,4,7,0
2599,48205,0,1,3,0
2600,48207,0,2,0,0
2601,48209,0,8,5,4
2602,48211,0,2,2,1
2603,48213,1,6,4,1
2604,48215,0,8,3,3
2605,48217,0,6,4,1
2606,48219,2,2,2,0
2607,48221,1,7,1,2
2608,48223,1,5,2,1
2609,48225,0,2,2,1
2610,48227,1,2,2,0
2611,48229,0,1,3,0
2612,48231,3,8,4,3
2613,48233,1,2,3,0
2614,48235,3,2,0,0
2615,48237,0,3,3,0
2616,48239,1,4,3,1
2617,48241,0,2,0,0
2618,48243,0,1,2,1
2619,48245,1,7,1,1
2620,48247,0,1,1,0
2621,48249,0,4,1,2
2622,48251,2,10,2,1
2623,48253,0,0,1,0
2624,48255,0,4,1,1
2625,48257,3,8,3,3
2626,48259,4,4,0,1
2627,48261,0,1,1,0
2628,48263,0,0,2,0
2629,48265,4,3,1,1
2630,48267,1,3,1,1
2631,48269,0,0,1,0
2632,48271,0,1,1,0
2633,48273,0,5,1,1
2634,48275,0,1,0,0
2635,48277,2,4,5,1
2636,48279,2,2,4,0
2637,48281,2,2,2,0
2638,48283,0,2,2,0
2639,48285,0,4,1,3
2640,48287,0,5,2,1
2641,48289,2,4,1,0
2642,48291,0,6,1,2
2643,48293,0,3,4,1
2644,48295,0,0,1,0
2645,48297,1,3,1,1
2646,48299,4,3,0,3
2647,48301,0,0,1,0
2648,48303,4,7,5,0
2649,48305,1,0,2,0
2650,48307,1,2,2,1
2651,48309,1,7,6,2
2652,48311,1,0,2,0
2653,48313,1,3,2,0
2654,48315,1,3,4,1
2655,48317,1,1,3,0
2656,48319,1,3,0,1
2657,48321,0,4,5,0
2658,48323,0,4,2,0
2659,48325,3,4,3,2
2660,48327,1,2,0,1
2661,48329,2,7,10,1
2662,48331,3,2,3,0
2663,48333,2,3,2,0
2664,48335,3,3,1,0
2665,48337,1,1,4,1
2666,48339,0,12,3,3
2667,48341,0,2,4,0
2668,48343,0,1,3,0
2669,48345,0,1,1,0
2670,48347,0,6,1,1
2671,48349,1,5,5,1
2672,48353,2,3,3,0
2673,48355,0,10,1,1
2674,48357,0,1,2,0
2675,48359,0,2,1,0
2676,48361,1,4,0,0
2677,48363,1,5,3,0
2678,48365,2,4,2,1
2679,48367,1,7,3,3
2680,48369,1,1,4,0
2681,48371,0,2,3,1
2682,48373,0,3,1,2
2683,48375,1,4,4,1
2684,48377,0,2,2,1
2685,48379,1,2,1,3
2686,48381,1,4,4,1
2687,48383,3,3,1,0
2688,48385,1,1,0,1
2689,48387,2,0,3,0
2690,48389,0,2,4,1
2691,48391,0,2,2,1
2692,48393,0,1,2,0
2693,48395,2,4,2,0
2694,48397,1,10,3,1
2695,48399,4,2,1,1
2696,48401,1,4,6,2
2697,48403,0,1,0,1
2698,48405,0,3,1,0
2699,48407,0,3,1,0
2700,48409,0,4,2,1
2701,48411,1,1,3,1
2702,48413,2,3,0,0
2703,48415,0,2,2,0
2704,48417,0,0,2,0
2705,48419,0,2,2,0
2706,48421,0,2,3,0
2707,48423,1,6,6,3
2708,48425,0,3,1,0
2709,48427,0,4,2,0
2710,48429,0,2,3,1
2711,48431,3,3,0,0
2712,48433,0,2,1,0
2713,48435,2,3,2,0
2714,48437,2,2,4,0
2715,48439,3,17,3,2
2716,48441,2,6,2,1
2717,48443,0,1,1,0
2718,48445,1,2,2,0
2719,48447,0,0,1,0
2720,48449,1,3,2,0
2721,48451,4,8,1,0
2722,48453,2,13,7,5
2723,48455,0,3,1,1
2724,48457,0,2,0,1
2725,48459,1,4,8,2
2726,48461,0,1,2,0
2727,48463,0,3,2,1
2728,48465,0,5,2,0
2729,48467,4,5,6,2
2730,48469,0,9,2,1
2731,48471,0,6,3,1
2732,48473,0,8,2,1
2733,48475,0,3,3,0
2734,48477,0,8,2,0
2735,48479,0,7,4,1
2736,48481,0,4,4,3
2737,48483,0,1,3,1
2738,48485,2,4,2,0
2739,48487,1,2,2,0
2740,48489,0,2,1,0
2741,48491,1,12,6,0
2742,48493,2,3,2,1
2743,48495,0,1,2,0
2744,48497,0,9,4,0
2745,48499,2,3,5,2
2746,48501,0,2,1,1
2747,48503,1,2,5,0
2748,48505,0,3,2,0
2749,48507,0,0,3,0
2750,49001,1,2,0,2
2751,49003,0,5,0,3
2752,49005,2,6,0,0
2753,49007,4,4,0,1
2754,49009,1,1,0,2
2755,49011,1,8,0,1
2756,49013,1,2,0,2
2757,49015,2,2,0,2
2758,49017,0,2,0,1
2759,49019,2,3,0,1
2760,49021,2,6,0,3
2761,49023,1,2,0,2
2762,49025,1,2,0,1
2763,49027,1,6,0,1
2764,49029,1,3,0,1
2765,49031,0,1,0,1
2766,49033,2,0,0,1
2767,49035,2,9,0,2
2768,49037,1,3,0,1
2769,49039,2,2,0,2
2770,49041,1,4,0,1
2771,49043,2,5,0,3
2772,49045,2,4,0,1
2773,49047,1,2,0,2
2774,49049,3,9,0,2
2775,49051,3,3,0,1
2776,49053,2,7,0,3
2777,49055,0,2,0,2
2778,49057,1,6,0,2
2779,50001,2,3,0,1
2780,50003,2,5,0,1
2781,50005,1,3,0,3
2782,50007,2,5,0,1
2783,50009,0,1,0,3
2784,50011,2,3,0,1
2785,50013,1,3,0,1
2786,50015,2,3,0,3
2787,50017,3,3,0,3
2788,50019,1,3,0,2
2789,50021,1,4,0,2
2790,50023,1,6,0,3
2791,50025,0,4,0,2
2792,50027,0,3,0,2
2793,51001,0,4,4,0
2794,51003,0,5,1,1
2795,51005,0,2,0,1
2796,51007,0,1,1,1
2797,51009,0,3,2,1
2798,51011,0,4,2,0
2799,51013,0,17,0,0
2800,51015,0,3,1,1
2801,51017,0,2,0,3
2802,51019,0,6,2,2
2803,51021,0,3,1,1
2804,51023,0,5,1,1
2805,51025,0,3,1,0
2806,51027,0,4,3,2
2807,51029,0,4,2,0
2808,51031,0,3,2,2
2809,51033,1,3,0,1
2810,51035,0,4,1,1
2811,51036,0,4,1,0
2812,51037,0,2,2,0
2813,51041,1,9,0,0
2814,51043,0,5,0,2
2815,51045,0,3,0,2
2816,51047,0,7,0,0
2817,51049,0,2,1,0
2818,51051,0,2,0,1
2819,51053,0,4,1,0
2820,51057,0,2,0,1
2821,51059,1,18,1,3
2822,51061,0,6,1,0
2823,51063,0,4,0,0
2824,51065,0,2,0,0
2825,51067,1,5,2,2
2826,51069,0,6,0,3
2827,51071,0,4,1,1
2828,51073,0,2,0,0
2829,51075,0,4,1,0
2830,51077,0,3,0,1
2831,51079,0,3,0,0
2832,51081,0,2,1,0
2833,51083,0,4,2,1
2834,51085,1,6,0,0
2835,51087,0,9,0,1
2836,51089,0,3,1,1
2837,51091,0,1,0,2
2838,51093,0,3,1,0
2839,51095,0,6,0,0
2840,51097,0,3,0,1
2841,51099,0,4,0,1
2842,51101,0,3,0,1
2843,51103,0,3,0,1
2844,51105,0,2,0,0
2845,51107,0,15,1,2
2846,51109,0,3,1,0
2847,51111,0,4,2,0
2848,51113,0,3,0,0
2849,51115,0,3,0,1
2850,51117,1,5,2,0
2851,51119,0,4,0,1
2852,51121,0,8,1,3
2853,51125,0,3,1,1
2854,51127,0,4,0,0
2855,51131,0,4,3,0
2856,51133,0,3,0,1
2857,51135,0,3,1,0
2858,51137,0,4,0,0
2859,51139,0,5,0,0
2860,51141,0,3,0,0
2861,51143,0,4,3,1
2862,51145,0,4,0,0
2863,51147,0,3,2,0
2864,51149,0,5,1,0
2865,51153,0,12,0,0
2866,51155,0,4,1,2
2867,51157,0,4,1,0
2868,51159,0,3,0,1
2869,51161,0,6,1,2
2870,51163,0,3,0,0
2871,51165,0,4,0,1
2872,51167,0,2,0,2
2873,51169,0,3,0,1
2874,51171,0,2,0,2
2875,51173,0,4,0,2
2876,51175,0,2,1,0
2877,51177,0,7,0,2
2878,51179,0,7,0,0
2879,51181,0,3,1,0
2880,51183,0,3,1,0
2881,51185,0,4,0,2
2882,51187,0,6,1,1
2883,51191,0,3,0,1
2884,51193,0,2,0,1
2885,51195,0,3,1,3
2886,51197,0,4,0,2
2887,51199,0,6,0,0
2888,51510,0,10,0,0
2889,51515,0,3,2,0
2890,51520,0,4,0,0
2891,51530,0,2,0,0
2892,51540,0,7,0,1
2893,51550,0,10,1,1
2894,51570,0,4,0,0
2895,51580,0,1,0,1
2896,51590,0,4,2,1
2897,51595,0,3,0,0
2898,51600,0,8,0,0
2899,51610,0,8,0,0
2900,51620,0,3,0,0
2901,51630,0,6,0,1
2902,51640,0,4,0,1
2903,51650,0,7,0,0
2904,51660,0,7,0,1
2905,51670,0,2,0,0
2906,51678,0,3,0,0
2907,51680,0,7,2,2
2908,51683,0,6,0,0
2909,51685,0,4,0,0
2910,51690,0,3,0,0
2911,51700,0,7,0,0
2912,51710,0,8,0,0
2913,51720,0,3,0,0
2914,51730,0,5,0,0
2915,51735,0,1,0,0
2916,51740,0,6,0,0
2917,51750,0,3,0,1
2918,51760,0,9,0,2
2919,51770,0,7,1,1
2920,51775,0,5,1,1
2921,51790,0,3,0,1
2922,51800,0,8,0,0
2923,51810,0,11,3,0
2924,51820,0,3,0,1
2925,51830,0,3,0,0
2926,51840,0,6,0,2
2927,53001,2,4,0,3
2928,53003,0,4,0,2
2929,53005,3,10,0,4
2930,53007,1,11,0,3
2931,53009,0,7,0,3
2932,53011,1,11,0,3
2933,53013,2,4,0,0
2934,53015,2,9,0,2
2935,53017,1,7,0,1
2936,53019,0,5,0,3
2937,53021,2,6,0,1
2938,53023,1,2,0,1
2939,53025,3,9,0,2
2940,53027,0,7,0,0
2941,53029,0,6,0,3
2942,53031,0,5,0,2
2943,53033,2,17,1,2
2944,53035,2,8,0,1
2945,53037,1,5,0,2
2946,53039,2,5,0,2
2947,53041,2,7,0,5
2948,53043,1,4,0,1
2949,53045,0,4,0,2
2950,53047,1,7,0,1
2951,53049,0,6,0,1
2952,53051,0,4,0,4
2953,53053,1,11,0,3
2954,53055,1,2,0,2
2955,53057,1,10,0,2
2956,53059,2,2,0,2
2957,53061,1,12,0,5
2958,53063,4,11,0,7
2959,53065,0,5,0,6
2960,53067,1,8,0,2
2961,53069,0,1,0,0
2962,53071,2,5,0,2
2963,53073,1,8,0,5
2964,53075,2,7,0,2
2965,53077,3,9,0,3
2966,54001,0,2,1,2
2967,54003,0,7,0,2
2968,54005,1,3,1,1
2969,54007,0,3,0,2
2970,54009,1,4,0,2
2971,54011,2,4,2,2
2972,54013,0,2,0,0
2973,54015,0,2,1,0
2974,54017,1,2,0,2
2975,54019,0,3,1,1
2976,54021,0,2,0,2
2977,54023,1,3,0,1
2978,54025,0,3,2,2
2979,54027,1,2,0,1
2980,54029,1,4,1,1
2981,54031,1,2,0,0
2982,54033,0,4,1,3
2983,54035,0,5,2,2
2984,54037,0,6,0,1
2985,54039,1,5,1,2
2986,54041,0,3,1,3
2987,54043,1,3,1,0
2988,54045,1,4,1,0
2989,54047,1,3,1,1
2990,54049,0,5,1,4
2991,54051,0,4,2,2
2992,54053,2,2,2,2
2993,54055,0,4,1,1
2994,54057,0,3,0,2
2995,54059,0,3,1,1
2996,54061,1,5,1,4
2997,54063,0,3,1,1
2998,54065,0,4,0,1
2999,54067,0,4,1,2
3000,54069,1,3,2,2
3001,54071,1,1,0,0
3002,54073,1,2,2,0
3003,54075,0,2,1,1
3004,54077,1,3,0,5
3005,54079,1,4,2,2
3006,54081,0,4,1,2
3007,54083,0,3,1,4
3008,54085,1,4,0,1
3009,54087,0,3,1,1
3010,54089,0,3,1,1
3011,54091,0,2,1,2
3012,54093,0,2,1,2
3013,54095,1,2,2,1
3014,54097,0,3,1,2
3015,54099,1,3,2,2
3016,54101,0,2,0,0
3017,54103,0,3,2,2
3018,54105,0,2,1,0
3019,54107,0,5,2,3
3020,54109,0,2,1,1
3021,55001,0,3,0,4
3022,55003,0,2,0,1
3023,55005,1,3,0,0
3024,55007,0,1,0,1
3025,55009,3,4,0,5
3026,55011,0,3,0,2
3027,55013,1,2,0,2
3028,55015,4,2,0,4
3029,55017,3,2,0,3
3030,55019,2,3,0,2
3031,55021,2,4,0,3
3032,55023,0,1,0,2
3033,55025,1,7,0,5
3034,55027,1,4,0,4
3035,55029,4,3,0,2
3036,55031,1,2,1,3
3037,55033,1,2,0,1
3038,55035,2,5,0,2
3039,55037,0,1,0,1
3040,55039,4,4,0,3
3041,55041,1,3,0,1
3042,55043,2,3,0,4
3043,55045,1,3,0,4
3044,55047,1,2,0,2
3045,55049,0,3,0,3
3046,55051,0,1,0,1
3047,55053,1,2,0,4
3048,55055,1,3,0,4
3049,55057,0,3,0,4
3050,55059,0,4,0,2
3051,55061,4,1,0,4
3052,55063,0,2,0,0
3053,55065,2,3,0,5
3054,55067,3,3,0,1
3055,55069,3,3,0,2
3056,55071,3,4,0,6
3057,55073,4,4,0,4
3058,55075,1,2,0,1
3059,55077,1,3,0,3
3060,55078,2,1,0,1
3061,55079,0,8,0,1
3062,55081,0,2,0,0
3063,55083,1,2,0,2
3064,55085,1,3,0,2
3065,55087,2,6,0,2
3066,55089,2,4,0,0
3067,55091,1,2,0,1
3068,55093,2,3,0,1
3069,55095,1,3,0,2
3070,55097,2,2,0,6
3071,55099,1,2,0,1
3072,55101,0,4,1,2
3073,55103,0,3,0,2
3074,55105,0,5,0,5
3075,55107,1,2,0,0
3076,55109,2,4,0,0
3077,55111,1,3,0,2
3078,55113,0,1,0,1
3079,55115,2,3,0,2
3080,55117,3,5,0,2
3081,55119,2,3,0,2
3082,55121,0,2,0,1
3083,55123,0,2,0,2
3084,55125,1,3,0,1
3085,55127,0,4,0,3
3086,55129,1,1,0,1
3087,55131,2,5,0,1
3088,55133,1,7,0,3
3089,55135,2,4,0,5
3090,55137,1,2,0,3
3091,55139,1,2,0,2
3092,55141,1,4,0,3
3093,56001,3,2,0,3
3094,56003,2,1,0,0
3095,56005,2,2,0,1
3096,56007,2,2,0,3
3097,56009,2,2,1,2
3098,56011,2,2,0,1
3099,56013,2,2,0,2
3100,56015,2,2,1,1
3101,56017,2,0,0,0
3102,56019,2,2,0,1
3103,56021,2,3,0,3
3104,56023,3,2,0,4
3105,56025,2,3,0,2
3106,56027,1,1,1,0
3107,56029,6,2,0,0
3108,56031,2,2,1,1
3109,56033,3,2,0,1
3110,56035,2,3,0,3
3111,56037,3,3,0,3
3112,56039,2,2,0,1
3113,56041,4,2,0,3
3114,56043,2,1,0,0
3115,56045,2,1,0,1
3116,72001,0,0,2,0
3117,72003,0,0,2,0
3118,72005,0,0,3,0
3119,72007,0,0,3,0
3120,72009,0,0,2,0
3121,72011,0,0,2,0
3122,72013,0,0,4,0
3123,72015,0,0,2,0
3124,72017,0,0,2,0
3125,72019,0,0,2,0
3126,72021,0,0,4,0
3127,72023,0,0,4,0
3128,72025,0,0,4,0
3129,72027,0,0,2,0
3130,72029,0,0,2,0
3131,72031,0,0,4,0
3132,72033,0,0,3,0
3133,72035,0,0,3,0
3134,72037,0,0,2,0
3135,72039,0,0,4,0
3136,72041,0,0,2,0
3137,72043,0,0,2,0
3138,72045,0,0,2,0
3139,72047,0,0,4,0
3140,72049,0,0,2,0
3141,72051,0,0,4,0
3142,72053,0,0,4,0
3143,72054,0,0,1,0
3144,72055,0,0,2,0
3145,72057,0,0,4,0
3146,72059,0,0,2,0
3147,72061,0,0,4,0
3148,72063,0,0,2,0
3149,72065,0,0,3,0
3150,72067,0,0,2,0
3151,72069,0,0,3,0
3152,72071,0,0,2,0
3153,72073,0,0,2,0
3154,72075,0,0,2,0
3155,72077,0,0,2,0
3156,72079,0,0,2,0
3157,72081,0,0,2,0
3158,72083,0,0,1,0
3159,72085,0,0,3,0
3160,72087,0,0,3,0
3161,72089,0,0,2,0
3162,72091,0,0,3,0
3163,72093,0,0,1,0
3164,72095,0,0,2,0
3165,72097,0,0,3,0
3166,72099,0,0,2,0
3167,72101,0,0,4,0
3168,72103,0,0,2,0
3169,72105,0,0,2,0
3170,72107,0,0,3,0
3171,72109,0,0,2,0
3172,72111,0,0,1,0
3173,72113,0,0,4,0
3174,72115,0,0,2,0
3175,72117,0,0,2,0
3176,72119,0,0,3,0
3177,72121,0,0,2,0
3178,72123,0,0,2,0
3179,72125,0,0,2,0
3180,72127,0,1,4,0
3181,72129,0,0,2,0
3182,72131,0,0,2,0
3183,72133,0,0,2,0
3184,72135,0,0,4,0
3185,72137,0,0,4,0
3186,72139,0,0,3,0
3187,72141,0,0,3,0
3188,72143,0,0,3,0
3189,72145,0,0,4,0
3190,72147,0,0,2,0
3191,72149,0,0,2,0
3192,72151,0,0,2,0
3193,72153,0,0,2,0
3194,78010,0,1,0,0
