,FIPS,MHI_2018,giniIndex
1,01001,58786,0.4602
2,01003,55962,0.4609
3,01005,34186,0.4731
4,01007,45340,0.4294
5,01009,48695,0.4331
6,01011,32152,0.5174
7,01013,39109,0.4708
8,01015,45197,0.4676
9,01017,39872,0.4568
10,01019,41014,0.4539
11,01021,45182,0.4845
12,01023,34884,0.4809
13,01025,36127,0.5185
14,01027,41225,0.4684
15,01029,40188,0.4622
16,01031,53155,0.4427
17,01033,47558,0.4496
18,01035,33177,0.4354
19,01037,38301,0.4646
20,01039,40601,0.4553
21,01041,39812,0.504
22,01043,42558,0.4548
23,01045,45960,0.45
24,01047,31602,0.4885
25,01049,39233,0.4748
26,01051,59347,0.4359
27,01053,35000,0.4823
28,01055,44023,0.4483
29,01057,37458,0.4635
30,01059,40459,0.4224
31,01061,38142,0.4413
32,01063,21804,0.5041
33,01065,30571,0.5071
34,01067,48610,0.435
35,01069,45496,0.4808
36,01071,39816,0.4616
37,01073,51979,0.4996
38,01075,36756,0.4623
39,01077,46265,0.4672
40,01079,44515,0.4389
41,01081,48056,0.5081
42,01083,56460,0.4509
43,01085,30833,0.4999
44,01087,32074,0.5145
45,01089,63417,0.4673
46,01091,32809,0.5386
47,01093,35392,0.4596
48,01095,42490,0.4805
49,01097,46166,0.4765
50,01099,30141,0.5477
51,01101,47990,0.4929
52,01103,49751,0.4511
53,01105,23561,0.479
54,01107,37458,0.4997
55,01109,34678,0.5343
56,01111,41449,0.4733
57,01113,40978,0.454
58,01115,54887,0.4068
59,01117,75761,0.4344
60,01119,23132,0.5469
61,01121,41012,0.4584
62,01123,43361,0.4617
63,01125,52221,0.463
64,01127,41748,0.4587
65,01129,40794,0.4684
66,01131,27237,0.5108
67,01133,38504,0.4517
68,02013,69706,0.3987
69,02016,85517,0.3628
70,02020,83280,0.4251
71,02050,54212,0.4446
72,02060,84688,0.3911
73,02068,84196,0.3631
74,02070,58750,0.4285
75,02090,77095,0.4061
76,02100,64342,0.3796
77,02105,63603,0.3914
78,02110,88213,0.3947
79,02122,66684,0.4322
80,02130,70356,0.4161
81,02150,78281,0.3869
82,02158,35539,0.4305
83,02164,46406,0.4318
84,02170,75905,0.4171
85,02180,58987,0.4294
86,02185,75431,0.4156
87,02188,62949,0.4375
88,02195,66907,0.4388
89,02198,54191,0.4139
90,02220,71534,0.4222
91,02230,72237,0.3224
92,02240,71541,0.3858
93,02261,82306,0.4226
94,02275,57583,0.4071
95,02282,65833,0.3498
96,02290,40000,0.4666
97,04001,32963,0.495
98,04003,48649,0.4404
99,04005,57616,0.4654
100,04007,42092,0.4451
101,04009,51352,0.4049
102,04011,60962,0.3908
103,04012,33333,0.4663
104,04013,61606,0.4666
105,04015,43266,0.4451
106,04017,40054,0.4751
107,04019,51037,0.4713
108,04021,55550,0.4235
109,04023,40467,0.4933
110,04025,50180,0.4462
111,04027,44058,0.4462
112,05001,39466,0.4963
113,05003,39635,0.476
114,05005,41481,0.4539
115,05007,64141,0.4549
116,05009,43262,0.4451
117,05011,39510,0.4603
118,05013,44022,0.4266
119,05015,43505,0.4572
120,05017,33051,0.5579
121,05019,39752,0.4509
122,05021,33935,0.4574
123,05023,43391,0.4582
124,05025,42460,0.4418
125,05027,36148,0.4974
126,05029,41196,0.4675
127,05031,45868,0.493
128,05033,46619,0.4456
129,05035,39002,0.4568
130,05037,43838,0.4752
131,05039,36628,0.4104
132,05041,30234,0.4642
133,05043,43014,0.4806
134,05045,51930,0.4615
135,05047,39463,0.448
136,05049,36184,0.4311
137,05051,43146,0.4881
138,05053,51920,0.4394
139,05055,47497,0.417
140,05057,41355,0.4257
141,05059,41262,0.4369
142,05061,35900,0.5284
143,05063,43523,0.45
144,05065,40218,0.4257
145,05067,33174,0.5031
146,05069,38289,0.4695
147,05071,37170,0.4427
148,05073,32412,0.5762
149,05075,38528,0.4358
150,05077,28367,0.4992
151,05079,45166,0.4452
152,05081,45388,0.4643
153,05083,39748,0.4486
154,05085,57509,0.4052
155,05087,43891,0.4787
156,05089,35518,0.4433
157,05091,41903,0.4662
158,05093,37237,0.4622
159,05095,35190,0.4699
160,05097,37855,0.4524
161,05099,37635,0.414
162,05101,39896,0.4312
163,05103,34887,0.477
164,05105,46071,0.4031
165,05107,29263,0.4925
166,05109,37406,0.4352
167,05111,39277,0.4161
168,05113,37035,0.4377
169,05115,41914,0.464
170,05117,41846,0.44
171,05119,50093,0.5025
172,05121,36870,0.4593
173,05123,35356,0.4729
174,05125,62152,0.3983
175,05127,35509,0.4325
176,05129,36390,0.4693
177,05131,43240,0.4781
178,05133,46667,0.4221
179,05135,33708,0.4758
180,05137,36162,0.4595
181,05139,44000,0.4739
182,05141,36897,0.445
183,05143,49629,0.4967
184,05145,43822,0.4731
185,05147,31023,0.4949
186,05149,42361,0.4501
187,06001,92574,0.4624
188,06003,64688,0.4967
189,06005,61198,0.4437
190,06007,48443,0.4893
191,06009,58151,0.4464
192,06011,56704,0.4982
193,06013,93712,0.4703
194,06015,45258,0.4857
195,06017,80582,0.4494
196,06019,51261,0.4785
197,06021,47395,0.4548
198,06023,45528,0.4754
199,06025,45834,0.4768
200,06027,52874,0.424
201,06029,52479,0.4645
202,06031,53865,0.4346
203,06033,42475,0.4796
204,06035,56362,0.4231
205,06037,64251,0.5022
206,06039,52884,0.4408
207,06041,110217,0.5158
208,06043,51199,0.4349
209,06045,49233,0.4736
210,06047,50129,0.4708
211,06049,45149,0.4113
212,06051,63018,0.3701
213,06053,66676,0.4619
214,06055,84753,0.4719
215,06057,63240,0.4634
216,06059,85398,0.47
217,06061,84357,0.4474
218,06063,53270,0.4549
219,06065,63948,0.4547
220,06067,63902,0.4583
221,06069,81977,0.3989
222,06071,60164,0.441
223,06073,74855,0.463
224,06075,104552,0.5128
225,06077,61145,0.4546
226,06079,70699,0.4538
227,06081,113776,0.4852
228,06083,71657,0.4798
229,06085,116178,0.4652
230,06087,78041,0.4826
231,06089,50905,0.4603
232,06091,48125,0.4269
233,06093,44200,0.488
234,06095,77609,0.4231
235,06097,76753,0.4578
236,06099,57387,0.4451
237,06101,56955,0.4466
238,06103,42899,0.4585
239,06105,38497,0.4821
240,06107,47518,0.4755
241,06109,56493,0.4881
242,06111,84017,0.4476
243,06113,65923,0.4931
244,06115,52624,0.4276
245,08001,67575,0.4075
246,08003,39191,0.4821
247,08005,73925,0.4589
248,08007,50753,0.4486
249,08009,37500,0.4396
250,08011,34392,0.4395
251,08013,78642,0.4802
252,08014,89624,0.4303
253,08015,54580,0.4266
254,08017,55227,0.4233
255,08019,69936,0.4127
256,08021,34746,0.4614
257,08023,30593,0.5076
258,08025,37586,0.4185
259,08027,44644,0.4389
260,08029,44512,0.4669
261,08031,63793,0.4958
262,08033,41714,0.4295
263,08035,115314,0.3989
264,08037,84685,0.4335
265,08039,96658,0.4049
266,08041,65334,0.434
267,08043,46296,0.447
268,08045,72898,0.4008
269,08047,75120,0.4241
270,08049,70469,0.4019
271,08051,54979,0.4182
272,08053,52188,0.4769
273,08055,36705,0.4314
274,08057,48828,0.3796
275,08059,78943,0.4337
276,08061,39784,0.4383
277,08063,51046,0.4691
278,08065,46918,0.4349
279,08067,64372,0.4584
280,08069,67664,0.4497
281,08071,41945,0.4616
282,08073,49423,0.4364
283,08075,48922,0.4365
284,08077,53683,0.4413
285,08079,61058,0.3541
286,08081,52807,0.4298
287,08083,46797,0.4247
288,08085,48739,0.4234
289,08087,51626,0.4014
290,08089,34136,0.477
291,08091,62230,0.4413
292,08093,66861,0.4082
293,08095,50724,0.4573
294,08097,71244,0.5466
295,08099,40097,0.4334
296,08101,44634,0.4572
297,08103,55543,0.417
298,08105,38639,0.4688
299,08107,74273,0.453
300,08109,34410,0.5097
301,08111,46563,0.4197
302,08113,64478,0.5273
303,08115,45188,0.4462
304,08117,77589,0.4098
305,08119,65382,0.4104
306,08121,49375,0.4135
307,08123,70908,0.4156
308,08125,48394,0.4244
309,09001,92969,0.5432
310,09003,72321,0.4716
311,09005,78314,0.4479
312,09007,84761,0.4427
313,09009,67128,0.4688
314,09011,71368,0.4439
315,09013,84916,0.4315
316,09015,64774,0.4151
317,10001,58775,0.4302
318,10003,70996,0.4586
319,10005,60853,0.4496
320,11001,82604,0.5283
321,12001,49078,0.5138
322,12003,61769,0.4414
323,12005,51829,0.4509
324,12007,46197,0.4403
325,12009,54359,0.455
326,12011,57333,0.4861
327,12013,38609,0.4523
328,12015,49225,0.4542
329,12017,41424,0.4611
330,12019,62653,0.4191
331,12021,65675,0.5223
332,12023,44491,0.4695
333,12027,35057,0.4526
334,12029,38237,0.4751
335,12031,53473,0.4728
336,12033,49286,0.4383
337,12035,53872,0.424
338,12037,42855,0.5018
339,12039,40922,0.4394
340,12041,42357,0.4217
341,12043,39879,0.4324
342,12045,44291,0.4149
343,12047,34583,0.4713
344,12049,37594,0.4817
345,12051,40728,0.4736
346,12053,46030,0.428
347,12055,37314,0.4803
348,12057,56137,0.4799
349,12059,38608,0.4474
350,12061,52336,0.5283
351,12063,39002,0.4463
352,12065,48173,0.4545
353,12067,39543,0.475
354,12069,51884,0.4272
355,12071,54691,0.4805
356,12073,51201,0.4894
357,12075,37634,0.4544
358,12077,37363,0.4288
359,12079,35509,0.4998
360,12081,56036,0.4693
361,12083,43361,0.4481
362,12085,57959,0.5273
363,12086,48982,0.5249
364,12087,67023,0.506
365,12089,66297,0.4544
366,12091,62048,0.4303
367,12093,40367,0.4429
368,12095,54335,0.4868
369,12097,50063,0.4283
370,12099,59943,0.5221
371,12101,50417,0.4517
372,12103,51454,0.4857
373,12105,48500,0.4423
374,12107,35649,0.4599
375,12109,77323,0.4655
376,12111,49373,0.4475
377,12113,66242,0.4216
378,12115,58644,0.485
379,12117,63760,0.46
380,12119,55228,0.4278
381,12121,42686,0.4715
382,12123,36934,0.4179
383,12125,41770,0.4736
384,12127,46760,0.4617
385,12129,62778,0.3787
386,12131,53785,0.4993
387,12133,37188,0.4401
388,13001,39561,0.4446
389,13003,34877,0.4765
390,13005,36964,0.4588
391,13007,37188,0.4744
392,13009,39426,0.4897
393,13011,45373,0.4035
394,13013,57348,0.3943
395,13015,55452,0.4303
396,13017,32705,0.4607
397,13019,37163,0.4471
398,13021,39931,0.5221
399,13023,45029,0.445
400,13025,37031,0.442
401,13027,34322,0.5321
402,13029,71322,0.4416
403,13031,41789,0.4773
404,13033,42773,0.4486
405,13035,41845,0.4747
406,13037,31725,0.4947
407,13039,56397,0.4366
408,13043,32937,0.5137
409,13045,49608,0.4466
410,13047,55125,0.4156
411,13049,40283,0.436
412,13051,54911,0.4804
413,13053,46453,0.4753
414,13055,36107,0.4602
415,13057,79670,0.411
416,13059,36889,0.5271
417,13061,25000,0.493
418,13063,45778,0.4175
419,13065,25236,0.5444
420,13067,75153,0.4518
421,13069,38266,0.5001
422,13071,35472,0.4732
423,13073,76938,0.4081
424,13075,38408,0.4625
425,13077,70717,0.4278
426,13079,43257,0.4397
427,13081,35096,0.5504
428,13083,44471,0.4495
429,13085,65805,0.4358
430,13087,39148,0.5091
431,13089,59280,0.4904
432,13091,35757,0.4665
433,13093,35629,0.4669
434,13095,37633,0.4948
435,13097,62147,0.4071
436,13099,31567,0.4698
437,13101,34447,0.5039
438,13103,65153,0.4263
439,13105,37943,0.4838
440,13107,34946,0.468
441,13109,39701,0.4738
442,13111,45647,0.4519
443,13113,87272,0.4337
444,13115,46367,0.4768
445,13117,101743,0.4037
446,13119,40198,0.4927
447,13121,64787,0.5402
448,13123,49389,0.4486
449,13125,41686,0.4361
450,13127,50672,0.5042
451,13129,44313,0.454
452,13131,42348,0.4705
453,13133,49755,0.573
454,13135,67769,0.43
455,13137,49140,0.4307
456,13139,59898,0.4486
457,13141,31984,0.4923
458,13143,46353,0.4509
459,13145,74261,0.4352
460,13147,41358,0.459
461,13149,48094,0.4098
462,13151,68609,0.3963
463,13153,58770,0.4368
464,13155,32339,0.4842
465,13157,62495,0.4194
466,13159,43284,0.4199
467,13161,36531,0.4429
468,13163,34300,0.4742
469,13165,27311,0.4413
470,13167,39813,0.4361
471,13169,53155,0.4248
472,13171,41464,0.4788
473,13173,39104,0.4906
474,13175,37369,0.4952
475,13177,65420,0.4005
476,13179,45959,0.3993
477,13181,41014,0.481
478,13183,55439,0.381
479,13185,41390,0.531
480,13187,47488,0.4582
481,13189,39199,0.4714
482,13191,47114,0.4562
483,13193,31999,0.4729
484,13195,51701,0.4277
485,13197,44309,0.4385
486,13199,36351,0.4608
487,13201,42927,0.4555
488,13205,37027,0.4672
489,13207,54050,0.5408
490,13209,40728,0.5234
491,13211,62530,0.4544
492,13213,45238,0.4054
493,13215,45389,0.4916
494,13217,53309,0.4384
495,13219,88308,0.4529
496,13221,44927,0.4137
497,13223,66467,0.3858
498,13225,42802,0.4707
499,13227,64512,0.4275
500,13229,44167,0.456
501,13231,58765,0.4545
502,13233,43491,0.4879
503,13235,38770,0.4597
504,13237,51245,0.4768
505,13239,30000,0.458
506,13241,40902,0.5261
507,13243,30914,0.5508
508,13245,40644,0.4761
509,13247,57049,0.4209
510,13249,41276,0.4679
511,13251,37588,0.4697
512,13253,34338,0.5647
513,13255,42671,0.4503
514,13257,43416,0.4629
515,13259,25385,0.5029
516,13261,36205,0.4792
517,13263,36213,0.4579
518,13265,31797,0.4814
519,13267,38034,0.4679
520,13269,33442,0.463
521,13271,30288,0.4343
522,13273,38015,0.4633
523,13275,40112,0.5078
524,13277,42790,0.4615
525,13279,36575,0.5548
526,13281,43927,0.4485
527,13283,37606,0.5227
528,13285,43850,0.4681
529,13287,38341,0.4823
530,13289,33037,0.4918
531,13291,44978,0.4698
532,13293,36529,0.4835
533,13295,43650,0.4598
534,13297,58370,0.4277
535,13299,39887,0.4574
536,13301,34730,0.5242
537,13303,38092,0.462
538,13305,44869,0.4679
539,13307,35755,0.4813
540,13309,27626,0.4435
541,13311,46288,0.426
542,13313,46970,0.4651
543,13315,36077,0.4481
544,13317,35106,0.507
545,13319,37583,0.4885
546,13321,46076,0.4406
547,15001,59297,0.4742
548,15003,82906,0.4318
549,15005,61875,0.3589
550,15007,78482,0.4206
551,15009,77117,0.443
552,16001,63137,0.4659
553,16003,45319,0.4228
554,16005,49739,0.4473
555,16007,54265,0.3919
556,16009,46507,0.4253
557,16011,51288,0.3951
558,16013,51968,0.4853
559,16015,53942,0.4139
560,16017,48710,0.4564
561,16019,56609,0.4539
562,16021,43507,0.4811
563,16023,42250,0.4672
564,16025,38393,0.5543
565,16027,49143,0.41
566,16029,59611,0.41
567,16031,50918,0.4133
568,16033,35341,0.3549
569,16035,42348,0.4285
570,16037,39957,0.4582
571,16039,46715,0.4138
572,16041,56613,0.3703
573,16043,53311,0.3859
574,16045,43001,0.4184
575,16047,48638,0.4027
576,16049,39113,0.4223
577,16051,60162,0.3723
578,16053,49306,0.4154
579,16055,54457,0.442
580,16057,45466,0.4688
581,16059,37921,0.4017
582,16061,41326,0.4586
583,16063,48222,0.395
584,16065,36031,0.4899
585,16067,50663,0.4496
586,16069,54174,0.4138
587,16071,51058,0.3647
588,16073,40430,0.4761
589,16075,50289,0.4321
590,16077,49985,0.3881
591,16079,39091,0.4508
592,16081,68818,0.4239
593,16083,50778,0.4312
594,16085,55299,0.4714
595,16087,37206,0.4448
596,17001,51398,0.4548
597,17003,34709,0.4596
598,17005,58097,0.4132
599,17007,66898,0.4381
600,17009,58762,0.3869
601,17011,55940,0.4153
602,17013,54392,0.4284
603,17015,51228,0.4172
604,17017,51997,0.4215
605,17019,51692,0.5097
606,17021,52415,0.4208
607,17023,54158,0.4275
608,17025,48691,0.4237
609,17027,65010,0.4191
610,17029,44071,0.4984
611,17031,62088,0.5069
612,17033,49233,0.4577
613,17035,53376,0.3961
614,17037,61086,0.4353
615,17039,55591,0.4021
616,17041,54218,0.4355
617,17043,88711,0.453
618,17045,51109,0.43
619,17047,49766,0.4141
620,17049,56293,0.4478
621,17051,44432,0.4366
622,17053,51120,0.4179
623,17055,41414,0.4535
624,17057,50180,0.433
625,17059,42500,0.4548
626,17061,46052,0.4345
627,17063,74140,0.3925
628,17065,56862,0.415
629,17067,51549,0.412
630,17069,43081,0.5009
631,17071,52712,0.4066
632,17073,57250,0.4212
633,17075,51825,0.4197
634,17077,37802,0.5355
635,17079,54951,0.4112
636,17081,47617,0.4579
637,17083,56747,0.409
638,17085,57083,0.4355
639,17087,50923,0.4437
640,17089,76912,0.4425
641,17091,57981,0.4326
642,17093,91764,0.3577
643,17095,43709,0.4519
644,17097,86244,0.487
645,17099,56243,0.4307
646,17101,45654,0.403
647,17103,57901,0.4344
648,17105,56200,0.4291
649,17107,57899,0.4073
650,17109,43724,0.4652
651,17111,84803,0.4062
652,17113,65813,0.4645
653,17115,50444,0.4646
654,17117,53778,0.4213
655,17119,57890,0.4396
656,17121,46102,0.4296
657,17123,55901,0.4158
658,17125,45596,0.4354
659,17127,42604,0.4359
660,17129,69102,0.4011
661,17131,58011,0.3958
662,17133,81268,0.4289
663,17135,50304,0.4325
664,17137,48508,0.4355
665,17139,59623,0.3951
666,17141,59707,0.4099
667,17143,54770,0.4756
668,17145,48298,0.4686
669,17147,69271,0.3953
670,17149,42664,0.4355
671,17151,40671,0.3977
672,17153,33799,0.4624
673,17155,65034,0.4115
674,17157,52107,0.43
675,17159,48724,0.4361
676,17161,52630,0.4353
677,17163,53681,0.4706
678,17165,41167,0.4732
679,17167,60466,0.4627
680,17169,46151,0.3868
681,17171,53973,0.4337
682,17173,51157,0.3856
683,17175,52260,0.4734
684,17177,48016,0.4446
685,17179,62342,0.4247
686,17181,49182,0.4472
687,17183,45384,0.4467
688,17185,51432,0.4286
689,17187,49607,0.4346
690,17189,59469,0.422
691,17191,49764,0.4151
692,17193,47773,0.4198
693,17195,53828,0.4306
694,17197,83504,0.4111
695,17199,49053,0.4456
696,17201,52743,0.4501
697,17203,71867,0.422
698,18001,51713,0.4149
699,18003,53402,0.4521
700,18005,59045,0.4319
701,18007,46188,0.3892
702,18009,42217,0.439
703,18011,80567,0.4771
704,18013,61455,0.4596
705,18015,56429,0.4056
706,18017,47545,0.4185
707,18019,54240,0.4191
708,18021,53021,0.3865
709,18023,52488,0.3888
710,18025,43875,0.4118
711,18027,51032,0.4137
712,18029,65096,0.4104
713,18031,54622,0.4022
714,18033,53808,0.4132
715,18035,42705,0.4746
716,18037,58994,0.4216
717,18039,55399,0.4183
718,18041,43317,0.4309
719,18043,61754,0.4452
720,18045,49887,0.4429
721,18047,58382,0.4089
722,18049,49333,0.4182
723,18051,52620,0.4148
724,18053,42593,0.414
725,18055,49177,0.3986
726,18057,94644,0.4378
727,18059,73142,0.3752
728,18061,57132,0.4131
729,18063,78355,0.3853
730,18065,48235,0.4234
731,18067,50869,0.4345
732,18069,52208,0.3827
733,18071,49506,0.4203
734,18073,59574,0.3775
735,18075,44772,0.4218
736,18077,51119,0.4321
737,18079,49801,0.3877
738,18081,68712,0.4135
739,18083,46457,0.4347
740,18085,58402,0.4112
741,18087,60675,0.4023
742,18089,54249,0.4473
743,18091,51101,0.4395
744,18093,52092,0.4067
745,18095,47436,0.4313
746,18097,46692,0.4804
747,18099,54229,0.4281
748,18101,51224,0.4123
749,18103,47460,0.4072
750,18105,47075,0.4998
751,18107,53610,0.3897
752,18109,62462,0.3873
753,18111,53146,0.3766
754,18113,55033,0.4026
755,18115,61148,0.3683
756,18117,45341,0.4297
757,18119,48667,0.3936
758,18121,48788,0.4321
759,18123,51064,0.4086
760,18125,52527,0.3817
761,18127,68044,0.4274
762,18129,62583,0.4065
763,18131,48370,0.3966
764,18133,56169,0.3973
765,18135,45601,0.4096
766,18137,56295,0.4111
767,18139,50535,0.4305
768,18141,50938,0.4691
769,18143,47123,0.4046
770,18145,59214,0.3978
771,18147,56998,0.4218
772,18149,48895,0.4155
773,18151,56101,0.3964
774,18153,46517,0.4359
775,18155,47929,0.4274
776,18157,51844,0.4688
777,18159,55479,0.4109
778,18161,48227,0.3792
779,18163,46943,0.4751
780,18165,48377,0.4169
781,18167,43859,0.4653
782,18169,50637,0.3999
783,18171,61148,0.3765
784,18173,70648,0.4347
785,18175,47078,0.4237
786,18177,44228,0.4702
787,18179,56265,0.3979
788,18181,55086,0.3929
789,18183,61153,0.3994
790,19001,51859,0.4293
791,19003,49229,0.4265
792,19005,51057,0.4274
793,19007,41111,0.5136
794,19009,50397,0.392
795,19011,65475,0.4254
796,19013,52688,0.4616
797,19015,61111,0.4076
798,19017,68023,0.4128
799,19019,61409,0.457
800,19021,54556,0.4201
801,19023,55999,0.417
802,19025,50800,0.446
803,19027,57674,0.4338
804,19029,48178,0.4255
805,19031,65791,0.3785
806,19033,52902,0.4437
807,19035,54658,0.4298
808,19037,55385,0.4034
809,19039,51571,0.4185
810,19041,47874,0.4223
811,19043,52828,0.4078
812,19045,50156,0.4241
813,19047,53609,0.4883
814,19049,84790,0.4323
815,19051,58464,0.4107
816,19053,42614,0.4448
817,19055,61179,0.4256
818,19057,49977,0.4452
819,19059,58099,0.4363
820,19061,61321,0.4385
821,19063,48542,0.4744
822,19065,50015,0.4459
823,19067,48110,0.4469
824,19069,53742,0.4216
825,19071,54281,0.4145
826,19073,54050,0.4054
827,19075,66965,0.4225
828,19077,57075,0.4076
829,19079,56273,0.4103
830,19081,61167,0.3863
831,19083,53872,0.409
832,19085,60063,0.4022
833,19087,52428,0.4158
834,19089,52742,0.4145
835,19091,52219,0.4252
836,19093,55969,0.4608
837,19095,58570,0.4397
838,19097,54070,0.4267
839,19099,55727,0.4093
840,19101,43378,0.5016
841,19103,61640,0.4929
842,19105,56012,0.4308
843,19107,51043,0.4387
844,19109,54146,0.4098
845,19111,48571,0.425
846,19113,64862,0.4308
847,19115,53943,0.4218
848,19117,50206,0.4578
849,19119,64352,0.3765
850,19121,64512,0.4349
851,19123,52950,0.4465
852,19125,58492,0.4038
853,19127,54027,0.4024
854,19129,69177,0.4151
855,19131,55553,0.4127
856,19133,45252,0.4618
857,19135,49549,0.4075
858,19137,47648,0.4644
859,19139,57348,0.4153
860,19141,53045,0.4233
861,19143,58125,0.4015
862,19145,49974,0.4244
863,19147,52462,0.4059
864,19149,64296,0.3995
865,19151,49877,0.4037
866,19153,66044,0.4437
867,19155,57467,0.4259
868,19157,53520,0.452
869,19159,52005,0.4713
870,19161,54958,0.4152
871,19163,58803,0.4516
872,19165,55489,0.4305
873,19167,67178,0.3844
874,19169,54554,0.4643
875,19171,55898,0.3982
876,19173,48717,0.4379
877,19175,47518,0.4312
878,19177,47083,0.4639
879,19179,45233,0.4409
880,19181,74383,0.4044
881,19183,61769,0.3906
882,19185,45017,0.4475
883,19187,44261,0.4431
884,19189,51002,0.3871
885,19191,62820,0.4005
886,19193,55483,0.4363
887,19195,54329,0.4119
888,19197,50198,0.4314
889,20001,42679,0.4337
890,20003,46274,0.4181
891,20005,48667,0.45
892,20007,50613,0.4706
893,20009,50198,0.4445
894,20011,40733,0.4628
895,20013,48547,0.4271
896,20015,63272,0.411
897,20017,46295,0.436
898,20019,38690,0.4662
899,20021,41103,0.4057
900,20023,46833,0.4289
901,20025,50368,0.3962
902,20027,56186,0.4855
903,20029,44143,0.434
904,20031,58636,0.4156
905,20033,56912,0.4109
906,20035,48087,0.4256
907,20037,40174,0.4652
908,20039,44104,0.4392
909,20041,48167,0.4447
910,20043,49338,0.4301
911,20045,55832,0.4714
912,20047,49293,0.3987
913,20049,38494,0.4297
914,20051,52700,0.4855
915,20053,48188,0.4168
916,20055,56573,0.4041
917,20057,53072,0.423
918,20059,55486,0.4014
919,20061,49185,0.3761
920,20063,48894,0.4226
921,20065,40769,0.4176
922,20067,55455,0.4092
923,20069,64426,0.3873
924,20071,51250,0.35
925,20073,42595,0.466
926,20075,45000,0.3759
927,20077,49455,0.4356
928,20079,56051,0.4011
929,20081,53527,0.4437
930,20083,53854,0.4001
931,20085,55904,0.4057
932,20087,61793,0.3655
933,20089,42552,0.4943
934,20091,84915,0.4522
935,20093,51314,0.4557
936,20095,58483,0.4398
937,20097,51336,0.4042
938,20099,47668,0.4113
939,20101,51719,0.4313
940,20103,71184,0.4242
941,20105,46196,0.4166
942,20107,43699,0.4509
943,20109,51597,0.4468
944,20111,44191,0.475
945,20113,57765,0.4152
946,20115,51262,0.4183
947,20117,50234,0.4143
948,20119,55568,0.4174
949,20121,69150,0.4164
950,20123,45221,0.4336
951,20125,45173,0.442
952,20127,50352,0.4229
953,20129,43925,0.4175
954,20131,58644,0.4369
955,20133,44294,0.4513
956,20135,51033,0.471
957,20137,49891,0.4647
958,20139,55036,0.412
959,20141,48355,0.4543
960,20143,51971,0.4134
961,20145,42853,0.3939
962,20147,48272,0.402
963,20149,64657,0.3944
964,20151,54029,0.4197
965,20153,48125,0.4132
966,20155,49174,0.433
967,20157,48022,0.4314
968,20159,50764,0.4036
969,20161,49910,0.4754
970,20163,50511,0.3985
971,20165,40598,0.4307
972,20167,52806,0.3837
973,20169,50515,0.4377
974,20171,71394,0.3426
975,20173,54974,0.4554
976,20175,47025,0.4103
977,20177,55199,0.4436
978,20179,56071,0.418
979,20181,52847,0.3563
980,20183,43438,0.465
981,20185,48563,0.424
982,20187,46726,0.4236
983,20189,56507,0.434
984,20191,54915,0.4219
985,20193,57478,0.4449
986,20195,56810,0.3655
987,20197,60450,0.3779
988,20199,58875,0.4177
989,20201,48889,0.4277
990,20203,57566,0.402
991,20205,46208,0.4692
992,20207,34621,0.4356
993,20209,44873,0.4273
994,21001,39346,0.4696
995,21003,40893,0.4379
996,21005,54160,0.4073
997,21007,44350,0.4617
998,21009,40216,0.4345
999,21011,40837,0.4579
1000,21013,24628,0.4975
1001,21015,75043,0.4115
1002,21017,51462,0.4526
1003,21019,46165,0.4855
1004,21021,43274,0.4731
1005,21023,45827,0.4433
1006,21025,26376,0.5253
1007,21027,48189,0.425
1008,21029,60534,0.3863
1009,21031,40061,0.4487
1010,21033,44940,0.5086
1011,21035,40219,0.4863
1012,21037,59782,0.4587
1013,21039,39664,0.4914
1014,21041,43258,0.4793
1015,21043,33067,0.4846
1016,21045,34457,0.4523
1017,21047,41235,0.4557
1018,21049,52938,0.4439
1019,21051,26250,0.4947
1020,21053,31115,0.5176
1021,21055,43169,0.4595
1022,21057,32906,0.4672
1023,21059,49836,0.465
1024,21061,41360,0.4268
1025,21063,33377,0.4495
1026,21065,31337,0.4767
1027,21067,54918,0.4947
1028,21069,42213,0.4652
1029,21071,31267,0.5007
1030,21073,55068,0.3896
1031,21075,28559,0.4807
1032,21077,50204,0.3958
1033,21079,49888,0.4325
1034,21081,45610,0.4178
1035,21083,41615,0.4691
1036,21085,37906,0.447
1037,21087,37374,0.5065
1038,21089,49343,0.4585
1039,21091,52019,0.3713
1040,21093,53168,0.4393
1041,21095,26324,0.4803
1042,21097,49696,0.4305
1043,21099,37795,0.4621
1044,21101,45389,0.462
1045,21103,51447,0.4308
1046,21105,40463,0.4824
1047,21107,45738,0.4491
1048,21109,32143,0.4579
1049,21111,54357,0.477
1050,21113,56728,0.4942
1051,21115,37559,0.4966
1052,21117,61606,0.4485
1053,21119,29326,0.4677
1054,21121,28790,0.5115
1055,21123,41779,0.4218
1056,21125,39230,0.469
1057,21127,31813,0.501
1058,21129,23972,0.5154
1059,21131,30798,0.4809
1060,21133,29856,0.4967
1061,21135,31096,0.5111
1062,21137,39833,0.4369
1063,21139,46076,0.4905
1064,21141,43842,0.444
1065,21143,50097,0.4459
1066,21145,44486,0.531
1067,21147,23273,0.5039
1068,21149,50445,0.4201
1069,21151,48687,0.4587
1070,21153,29516,0.4943
1071,21155,38544,0.4454
1072,21157,50731,0.4372
1073,21159,35125,0.4491
1074,21161,41415,0.5079
1075,21163,57963,0.414
1076,21165,39905,0.4163
1077,21167,50475,0.4312
1078,21169,35809,0.4517
1079,21171,34167,0.5282
1080,21173,41974,0.439
1081,21175,34419,0.4619
1082,21177,43110,0.4299
1083,21179,57469,0.4828
1084,21181,41354,0.4552
1085,21183,42826,0.4957
1086,21185,97597,0.4321
1087,21187,45338,0.466
1088,21189,25530,0.5419
1089,21191,52620,0.4022
1090,21193,31046,0.5073
1091,21195,34081,0.509
1092,21197,36958,0.4515
1093,21199,37921,0.4918
1094,21201,38864,0.4812
1095,21203,36468,0.4525
1096,21205,37639,0.4793
1097,21207,36159,0.4376
1098,21209,66966,0.4154
1099,21211,64240,0.4588
1100,21213,48311,0.4316
1101,21215,77738,0.3887
1102,21217,39055,0.4751
1103,21219,41865,0.4927
1104,21221,52279,0.4175
1105,21223,47470,0.4569
1106,21225,42844,0.4204
1107,21227,52007,0.4769
1108,21229,50794,0.4261
1109,21231,34039,0.4693
1110,21233,40947,0.4602
1111,21235,36897,0.493
1112,21237,22458,0.4718
1113,21239,62629,0.4313
1114,22001,41177,0.4787
1115,22003,41009,0.4686
1116,22005,76589,0.4212
1117,22007,44744,0.5025
1118,22009,38077,0.5055
1119,22011,50738,0.4683
1120,22013,30300,0.5024
1121,22015,53806,0.4399
1122,22017,40866,0.5192
1123,22019,49452,0.4663
1124,22021,32174,0.5328
1125,22023,55000,0.4234
1126,22025,38854,0.4745
1127,22027,27303,0.5074
1128,22029,31813,0.5174
1129,22031,44230,0.496
1130,22033,52719,0.502
1131,22035,21161,0.6647
1132,22037,48129,0.4508
1133,22039,32180,0.483
1134,22041,35466,0.4891
1135,22043,40792,0.4357
1136,22045,45274,0.4588
1137,22047,47797,0.4686
1138,22049,38523,0.4806
1139,22051,52558,0.4698
1140,22053,39653,0.4974
1141,22055,54726,0.4883
1142,22057,53089,0.4605
1143,22059,36868,0.4774
1144,22061,34154,0.5385
1145,22063,63159,0.4258
1146,22065,27810,0.5051
1147,22067,33333,0.5129
1148,22069,27795,0.5486
1149,22071,39576,0.5706
1150,22073,41314,0.5067
1151,22075,52386,0.4699
1152,22077,44269,0.5055
1153,22079,44852,0.4761
1154,22081,33446,0.5457
1155,22083,34422,0.4893
1156,22085,39465,0.4888
1157,22087,46011,0.4376
1158,22089,66620,0.4316
1159,22091,39895,0.5066
1160,22093,50661,0.4477
1161,22095,54821,0.4534
1162,22097,33288,0.5146
1163,22099,47974,0.4643
1164,22101,40485,0.4598
1165,22103,67706,0.4642
1166,22105,46297,0.4627
1167,22107,23870,0.4785
1168,22109,48866,0.4691
1169,22111,43083,0.4849
1170,22113,50690,0.4433
1171,22115,47772,0.4419
1172,22117,34985,0.4773
1173,22119,30358,0.4666
1174,22121,60908,0.4356
1175,22123,36528,0.5079
1176,22125,55510,0.4625
1177,22127,35398,0.4845
1178,23001,51412,0.4252
1179,23003,39824,0.4598
1180,23005,69708,0.4543
1181,23007,48053,0.4309
1182,23009,53068,0.4653
1183,23011,52929,0.4372
1184,23013,55402,0.434
1185,23015,55180,0.4469
1186,23017,47275,0.4152
1187,23019,49374,0.454
1188,23021,39470,0.4497
1189,23023,62131,0.4254
1190,23025,42491,0.444
1191,23027,51564,0.4431
1192,23029,41384,0.461
1193,23031,65538,0.4328
1194,24001,44065,0.448
1195,24003,97810,0.4112
1196,24005,74127,0.45
1197,24009,104301,0.3757
1198,24011,54956,0.4331
1199,24013,93363,0.3992
1200,24015,72845,0.4066
1201,24017,95924,0.3813
1202,24019,52145,0.4789
1203,24021,91999,0.4067
1204,24023,49619,0.438
1205,24025,85942,0.415
1206,24027,117730,0.4038
1207,24029,56009,0.483
1208,24031,106287,0.4624
1209,24033,81969,0.3988
1210,24035,92167,0.4102
1211,24037,90438,0.4007
1212,24039,42165,0.4553
1213,24041,67204,0.5266
1214,24043,59719,0.4462
1215,24045,56608,0.4368
1216,24047,61145,0.4559
1217,24510,48840,0.513
1218,25001,70621,0.4589
1219,25003,56674,0.4645
1220,25005,66157,0.4563
1221,25007,71224,0.502
1222,25009,75878,0.484
1223,25011,59522,0.4533
1224,25013,53403,0.4704
1225,25015,67044,0.4621
1226,25017,97012,0.468
1227,25019,105171,0.4775
1228,25021,99511,0.4774
1229,25023,85654,0.4494
1230,25025,64582,0.5365
1231,25027,71895,0.4553
1232,26001,39735,0.4313
1233,26003,46007,0.4146
1234,26005,59883,0.4053
1235,26007,41991,0.4391
1236,26009,52589,0.4675
1237,26011,40769,0.4209
1238,26013,42444,0.4528
1239,26015,61016,0.3916
1240,26017,48005,0.4387
1241,26019,56639,0.4048
1242,26021,49135,0.4807
1243,26023,50536,0.4117
1244,26025,47426,0.4435
1245,26027,53571,0.4473
1246,26029,53207,0.47
1247,26031,46161,0.422
1248,26033,44483,0.4534
1249,26035,37369,0.4513
1250,26037,67482,0.4221
1251,26039,47443,0.407
1252,26041,46490,0.4378
1253,26043,48966,0.4411
1254,26045,62474,0.4149
1255,26047,54055,0.4594
1256,26049,47006,0.465
1257,26051,43290,0.4407
1258,26053,38798,0.487
1259,26055,61485,0.4484
1260,26057,44991,0.4575
1261,26059,48392,0.4344
1262,26061,42852,0.4724
1263,26063,46320,0.4335
1264,26065,50940,0.4757
1265,26067,54343,0.395
1266,26069,42102,0.4217
1267,26071,38918,0.4334
1268,26073,44408,0.4803
1269,26075,51431,0.4439
1270,26077,54431,0.4673
1271,26079,46004,0.4213
1272,26081,60351,0.4578
1273,26083,49779,0.4421
1274,26085,34631,0.4397
1275,26087,58952,0.4135
1276,26089,63831,0.4642
1277,26091,53972,0.417
1278,26093,80897,0.402
1279,26095,42255,0.3926
1280,26097,46507,0.4406
1281,26099,60466,0.4255
1282,26101,47172,0.4408
1283,26103,50771,0.433
1284,26105,49663,0.4694
1285,26107,44460,0.4559
1286,26109,45508,0.4465
1287,26111,59271,0.4743
1288,26113,44766,0.4014
1289,26115,61514,0.4128
1290,26117,47000,0.4196
1291,26119,42305,0.3979
1292,26121,48329,0.4367
1293,26123,46724,0.4397
1294,26125,76387,0.4687
1295,26127,46217,0.4224
1296,26129,40150,0.4143
1297,26131,38906,0.4096
1298,26133,42689,0.43
1299,26135,40255,0.4396
1300,26137,52645,0.4143
1301,26139,67468,0.4144
1302,26141,46439,0.428
1303,26143,40302,0.4339
1304,26145,46919,0.4644
1305,26147,55240,0.4327
1306,26149,50117,0.4224
1307,26151,45277,0.4342
1308,26153,40747,0.4295
1309,26155,54742,0.4041
1310,26157,47694,0.4181
1311,26159,52351,0.4398
1312,26161,69434,0.4826
1313,26163,45321,0.4974
1314,26165,44166,0.4321
1315,27001,45989,0.4275
1316,27003,79923,0.3903
1317,27005,59278,0.4331
1318,27007,47410,0.4512
1319,27009,56357,0.4192
1320,27011,51920,0.4494
1321,27013,55861,0.443
1322,27015,57728,0.4103
1323,27017,60390,0.4071
1324,27019,97895,0.4279
1325,27021,50173,0.437
1326,27023,54552,0.4185
1327,27025,80409,0.3572
1328,27027,65000,0.4139
1329,27029,46291,0.4636
1330,27031,52271,0.4307
1331,27033,53354,0.4051
1332,27035,54508,0.4527
1333,27037,83288,0.4135
1334,27039,71669,0.3795
1335,27041,60676,0.4411
1336,27043,52286,0.4317
1337,27045,59451,0.406
1338,27047,52447,0.4189
1339,27049,64765,0.4171
1340,27051,55912,0.4472
1341,27053,74113,0.4872
1342,27055,58729,0.3941
1343,27057,55472,0.4191
1344,27059,72473,0.389
1345,27061,53022,0.4285
1346,27063,57010,0.4418
1347,27065,53300,0.4019
1348,27067,59089,0.4338
1349,27069,57112,0.4007
1350,27071,47129,0.4583
1351,27073,52199,0.4542
1352,27075,59516,0.3855
1353,27077,49068,0.361
1354,27079,67451,0.3955
1355,27081,52301,0.4316
1356,27083,55525,0.4652
1357,27085,61275,0.4113
1358,27087,44537,0.4381
1359,27089,58723,0.3922
1360,27091,53915,0.4358
1361,27093,61856,0.4281
1362,27095,53888,0.4191
1363,27097,54962,0.4342
1364,27099,53665,0.4485
1365,27101,57500,0.4055
1366,27103,65027,0.42
1367,27105,54149,0.4307
1368,27107,55206,0.4143
1369,27109,74880,0.452
1370,27111,57131,0.4283
1371,27113,59036,0.4163
1372,27115,49138,0.4385
1373,27117,52309,0.4641
1374,27119,57151,0.4281
1375,27121,58132,0.4212
1376,27123,62304,0.4655
1377,27125,56588,0.4097
1378,27127,53230,0.4171
1379,27129,57886,0.4402
1380,27131,65758,0.4275
1381,27133,59890,0.4288
1382,27135,59644,0.3869
1383,27137,53344,0.4465
1384,27139,97744,0.3965
1385,27141,85818,0.3699
1386,27143,62761,0.4063
1387,27145,60606,0.4302
1388,27147,62731,0.4055
1389,27149,58363,0.493
1390,27151,48577,0.4576
1391,27153,52872,0.4108
1392,27155,48784,0.4292
1393,27157,65138,0.4109
1394,27159,45860,0.423
1395,27161,55612,0.4175
1396,27163,92376,0.4176
1397,27165,51097,0.4328
1398,27167,54935,0.4498
1399,27169,55529,0.4415
1400,27171,81881,0.3863
1401,27173,56943,0.4162
1402,28001,29203,0.5368
1403,28003,40180,0.4411
1404,28005,31854,0.4923
1405,28007,34756,0.5054
1406,28009,35974,0.4742
1407,28011,29912,0.5149
1408,28013,36440,0.4339
1409,28015,43060,0.4489
1410,28017,35939,0.4621
1411,28019,37203,0.4432
1412,28021,26732,0.4934
1413,28023,39246,0.4762
1414,28025,35121,0.4919
1415,28027,30009,0.5193
1416,28029,40361,0.4556
1417,28031,35931,0.4355
1418,28033,65169,0.4052
1419,28035,40675,0.4891
1420,28037,40810,0.4643
1421,28039,48319,0.4442
1422,28041,49447,0.4116
1423,28043,36877,0.4787
1424,28045,47543,0.4495
1425,28047,45566,0.4581
1426,28049,43005,0.4732
1427,28051,21093,0.5592
1428,28053,28507,0.5034
1429,28055,25776,0.5841
1430,28057,40510,0.4299
1431,28059,51142,0.4437
1432,28061,35931,0.4846
1433,28063,20188,0.4982
1434,28065,30083,0.5017
1435,28067,41263,0.4783
1436,28069,28176,0.4562
1437,28071,47132,0.5105
1438,28073,58188,0.4588
1439,28075,41704,0.4918
1440,28077,42290,0.4495
1441,28079,33482,0.4705
1442,28081,47978,0.4701
1443,28083,26052,0.5765
1444,28085,40355,0.4756
1445,28087,45355,0.4665
1446,28089,71690,0.483
1447,28091,31446,0.4942
1448,28093,41572,0.4503
1449,28095,40940,0.4685
1450,28097,33667,0.5035
1451,28099,36875,0.47
1452,28101,33831,0.5074
1453,28103,36000,0.4659
1454,28105,38800,0.5347
1455,28107,36563,0.4598
1456,28109,45820,0.4342
1457,28111,39007,0.4818
1458,28113,30910,0.5263
1459,28115,41379,0.4451
1460,28117,37519,0.4742
1461,28119,25510,0.469
1462,28121,64557,0.4076
1463,28123,33735,0.5323
1464,28125,28799,0.4779
1465,28127,37946,0.4682
1466,28129,41657,0.4772
1467,28131,44883,0.4449
1468,28133,30029,0.5042
1469,28135,30028,0.5138
1470,28137,51056,0.4373
1471,28139,39839,0.4444
1472,28141,37312,0.4352
1473,28143,37822,0.496
1474,28145,41287,0.4214
1475,28147,29804,0.5575
1476,28149,43039,0.4663
1477,28151,30834,0.5328
1478,28153,37970,0.4919
1479,28155,40683,0.4588
1480,28157,26599,0.4697
1481,28159,36214,0.5283
1482,28161,41864,0.4005
1483,28163,31402,0.5377
1484,29001,40046,0.5131
1485,29003,55683,0.4149
1486,29005,48385,0.4172
1487,29007,43761,0.4391
1488,29009,41463,0.4506
1489,29011,41625,0.4774
1490,29013,46186,0.4537
1491,29015,38028,0.487
1492,29017,42985,0.4113
1493,29019,54043,0.4673
1494,29021,50457,0.4405
1495,29023,39058,0.4802
1496,29025,48033,0.4107
1497,29027,55376,0.3938
1498,29029,52087,0.4569
1499,29031,51730,0.4552
1500,29033,42149,0.4603
1501,29035,39415,0.4526
1502,29037,67659,0.3982
1503,29039,39412,0.4534
1504,29041,46992,0.4478
1505,29043,57019,0.409
1506,29045,47955,0.459
1507,29047,68367,0.4116
1508,29049,58510,0.3921
1509,29051,57587,0.4265
1510,29053,48750,0.4074
1511,29055,38036,0.442
1512,29057,39979,0.4078
1513,29059,41551,0.4668
1514,29061,50380,0.4196
1515,29063,50000,0.4162
1516,29065,39916,0.4669
1517,29067,34372,0.4583
1518,29069,34186,0.4807
1519,29071,55312,0.4284
1520,29073,53439,0.4251
1521,29075,42689,0.4144
1522,29077,44808,0.4659
1523,29079,42574,0.4361
1524,29081,40168,0.4018
1525,29083,43911,0.4544
1526,29085,36190,0.4117
1527,29087,45610,0.4053
1528,29089,50372,0.401
1529,29091,36143,0.4693
1530,29093,37188,0.4317
1531,29095,52805,0.4657
1532,29097,46929,0.4403
1533,29099,63030,0.389
1534,29101,53056,0.3886
1535,29103,40383,0.4607
1536,29105,46192,0.4087
1537,29107,54661,0.4273
1538,29109,43373,0.4314
1539,29111,47764,0.4233
1540,29113,61628,0.4031
1541,29115,43642,0.419
1542,29117,47885,0.4268
1543,29119,42019,0.4321
1544,29121,40007,0.3952
1545,29123,41322,0.4373
1546,29125,44436,0.4332
1547,29127,46762,0.4258
1548,29129,44085,0.4085
1549,29131,42718,0.4493
1550,29133,32846,0.4931
1551,29135,54828,0.4033
1552,29137,43973,0.4133
1553,29139,45862,0.3981
1554,29141,37727,0.4666
1555,29143,35399,0.4543
1556,29145,49023,0.4631
1557,29147,43349,0.4591
1558,29149,32534,0.4448
1559,29151,58476,0.3756
1560,29153,32601,0.4518
1561,29155,33390,0.4895
1562,29157,54964,0.3754
1563,29159,44382,0.4351
1564,29161,42846,0.4832
1565,29163,45753,0.4245
1566,29165,76912,0.4291
1567,29167,44892,0.4293
1568,29169,51665,0.3836
1569,29171,37367,0.449
1570,29173,55546,0.3961
1571,29175,46610,0.4243
1572,29177,59857,0.4056
1573,29179,40929,0.4368
1574,29181,33343,0.427
1575,29183,81411,0.3975
1576,29185,38470,0.4333
1577,29186,56234,0.3986
1578,29187,45774,0.4278
1579,29189,65300,0.4904
1580,29195,43201,0.4354
1581,29197,39697,0.449
1582,29199,42965,0.4938
1583,29201,42231,0.4682
1584,29203,32180,0.4501
1585,29205,44051,0.4211
1586,29207,40567,0.4309
1587,29209,46443,0.4607
1588,29211,42604,0.411
1589,29213,41487,0.4165
1590,29215,35277,0.464
1591,29217,43379,0.4589
1592,29219,57948,0.4258
1593,29221,39621,0.428
1594,29223,34391,0.4427
1595,29225,47421,0.4132
1596,29227,52500,0.388
1597,29229,32752,0.4908
1598,29510,41107,0.5081
1599,30001,44809,0.4963
1600,30003,46365,0.4254
1601,30005,38083,0.4288
1602,30007,56469,0.432
1603,30009,57538,0.4125
1604,30011,44196,0.5126
1605,30013,48160,0.4691
1606,30015,40942,0.435
1607,30017,55841,0.4275
1608,30019,54750,0.4329
1609,30021,59820,0.4189
1610,30023,41783,0.4577
1611,30025,60750,0.4237
1612,30027,50327,0.4311
1613,30029,52966,0.4546
1614,30031,61499,0.4626
1615,30033,45893,0.4657
1616,30035,31029,0.5209
1617,30037,39952,0.4489
1618,30039,48958,0.4779
1619,30041,47141,0.4324
1620,30043,66867,0.4061
1621,30045,45764,0.4585
1622,30047,45488,0.468
1623,30049,62130,0.4103
1624,30051,47419,0.5684
1625,30053,38287,0.4779
1626,30055,47500,0.4
1627,30057,50247,0.4432
1628,30059,43109,0.4024
1629,30061,41905,0.4565
1630,30063,51270,0.4767
1631,30065,41612,0.4199
1632,30067,49194,0.4446
1633,30069,44688,0.4212
1634,30071,46222,0.4175
1635,30073,45458,0.4544
1636,30075,52457,0.3945
1637,30077,49652,0.4138
1638,30079,47250,0.4494
1639,30081,48930,0.4613
1640,30083,67272,0.3919
1641,30085,42904,0.4791
1642,30087,56549,0.4289
1643,30089,36984,0.4663
1644,30091,54321,0.4513
1645,30093,42237,0.4806
1646,30095,63785,0.3948
1647,30097,49514,0.4258
1648,30099,51862,0.4289
1649,30101,46823,0.4844
1650,30103,42292,0.4012
1651,30105,55882,0.409
1652,30107,41186,0.412
1653,30109,50202,0.3573
1654,30111,59117,0.4586
1655,31001,51536,0.4607
1656,31003,48716,0.4315
1657,31005,43854,0.4665
1658,31007,59625,0.5146
1659,31009,50870,0.3731
1660,31011,54063,0.4191
1661,31013,56412,0.3908
1662,31015,50729,0.4468
1663,31017,41550,0.4766
1664,31019,56952,0.4498
1665,31021,51482,0.43
1666,31023,55562,0.3874
1667,31025,71139,0.3927
1668,31027,58978,0.4171
1669,31029,55833,0.382
1670,31031,53684,0.4118
1671,31033,56538,0.4309
1672,31035,56316,0.3962
1673,31037,56528,0.3744
1674,31039,55190,0.4142
1675,31041,49891,0.5024
1676,31043,55017,0.4173
1677,31045,51748,0.4053
1678,31047,53769,0.4144
1679,31049,48500,0.405
1680,31051,56775,0.4033
1681,31053,53101,0.4282
1682,31055,61688,0.4694
1683,31057,44350,0.4248
1684,31059,55625,0.443
1685,31061,49235,0.4146
1686,31063,51855,0.442
1687,31065,47989,0.4205
1688,31067,51662,0.4123
1689,31069,44471,0.5065
1690,31071,48545,0.4097
1691,31073,62545,0.4128
1692,31075,39479,0.442
1693,31077,47128,0.409
1694,31079,54742,0.4407
1695,31081,64042,0.38
1696,31083,50344,0.4092
1697,31085,45515,0.4539
1698,31087,42902,0.4533
1699,31089,57468,0.4124
1700,31091,39115,0.4188
1701,31093,54399,0.3737
1702,31095,43295,0.4558
1703,31097,52794,0.4187
1704,31099,56952,0.4245
1705,31101,48901,0.4243
1706,31103,49688,0.4274
1707,31105,43856,0.3932
1708,31107,49752,0.4171
1709,31109,58009,0.4418
1710,31111,56794,0.437
1711,31113,51607,0.3482
1712,31115,53125,0.3999
1713,31117,48882,0.4108
1714,31119,52857,0.4362
1715,31121,54197,0.4206
1716,31123,45121,0.4246
1717,31125,45833,0.4803
1718,31127,51922,0.4225
1719,31129,42049,0.4505
1720,31131,54828,0.4194
1721,31133,46314,0.4557
1722,31135,62469,0.4365
1723,31137,57241,0.4224
1724,31139,56620,0.4048
1725,31141,62617,0.4135
1726,31143,61962,0.398
1727,31145,46859,0.4174
1728,31147,48096,0.4305
1729,31149,52604,0.436
1730,31151,51143,0.3916
1731,31153,79549,0.3841
1732,31155,66718,0.3904
1733,31157,50157,0.4602
1734,31159,67591,0.3992
1735,31161,41719,0.477
1736,31163,51172,0.3968
1737,31165,46875,0.402
1738,31167,62687,0.411
1739,31169,50734,0.4002
1740,31171,50682,0.4075
1741,31173,48149,0.4761
1742,31175,55170,0.4459
1743,31177,70753,0.4039
1744,31179,62623,0.4235
1745,31181,42298,0.463
1746,31183,52083,0.3644
1747,31185,59779,0.4588
1748,32001,51514,0.4112
1749,32003,56802,0.4614
1750,32005,62503,0.4382
1751,32007,77209,0.3866
1752,32009,40000,0.3543
1753,32011,77625,0.3971
1754,32013,70373,0.3659
1755,32015,93583,0.3551
1756,32017,56414,0.368
1757,32019,55493,0.3962
1758,32021,41163,0.4289
1759,32023,45711,0.4194
1760,32027,50846,0.4214
1761,32029,62284,0.4175
1762,32031,61155,0.4581
1763,32033,62993,0.3983
1764,32510,52034,0.4543
1765,33001,68368,0.4292
1766,33003,61116,0.4503
1767,33005,63057,0.4563
1768,33007,45696,0.4356
1769,33009,63153,0.4773
1770,33011,78655,0.4299
1771,33013,72478,0.4285
1772,33015,90429,0.4199
1773,33017,70650,0.432
1774,33019,60780,0.4179
1775,34001,59989,0.4615
1776,34003,95837,0.4776
1777,34005,84992,0.4344
1778,34007,67118,0.4693
1779,34009,63690,0.4809
1780,34011,52593,0.4512
1781,34013,59302,0.5529
1782,34015,85160,0.4148
1783,34017,66289,0.5049
1784,34019,112535,0.4335
1785,34021,79990,0.4999
1786,34023,85954,0.4319
1787,34025,95699,0.4729
1788,34027,111316,0.4579
1789,34029,68021,0.4506
1790,34031,66476,0.4732
1791,34033,64309,0.4469
1792,34035,111772,0.4566
1793,34037,90520,0.4098
1794,34039,77095,0.4973
1795,34041,78145,0.4182
1796,35001,51643,0.4751
1797,35003,42480,0.3511
1798,35005,43197,0.4596
1799,35006,37368,0.4496
1800,35007,33783,0.4482
1801,35009,46182,0.4559
1802,35011,31028,0.441
1803,35013,39164,0.4929
1804,35015,62982,0.4269
1805,35017,37880,0.4905
1806,35019,24085,0.468
1807,35021,30875,0.6289
1808,35023,36339,0.4806
1809,35025,59797,0.4402
1810,35027,42267,0.4789
1811,35028,115248,0.3941
1812,35029,27377,0.4835
1813,35031,31674,0.5172
1814,35033,26968,0.4806
1815,35035,42752,0.4579
1816,35037,27075,0.4598
1817,35039,,
1818,35041,40775,0.4514
1819,35043,59420,0.4293
1820,35045,50582,0.4518
1821,35047,31660,0.5035
1822,35049,59192,0.4843
1823,35051,30451,0.5345
1824,35053,36146,0.4782
1825,35055,36758,0.4874
1826,35057,37218,0.4542
1827,35059,37936,0.5052
1828,35061,45084,0.4361
1829,36001,64535,0.4592
1830,36003,47033,0.4157
1831,36005,38085,0.5105
1832,36007,50859,0.4591
1833,36009,47240,0.4256
1834,36011,56579,0.4267
1835,36013,45332,0.447
1836,36015,53299,0.4486
1837,36017,50595,0.4279
1838,36019,55178,0.4216
1839,36021,63032,0.4645
1840,36023,54489,0.4354
1841,36025,48827,0.4337
1842,36027,78028,0.4453
1843,36029,55673,0.4668
1844,36031,56196,0.4302
1845,36033,51696,0.4492
1846,36035,50248,0.4228
1847,36037,59338,0.4073
1848,36039,53617,0.4411
1849,36041,57552,0.3933
1850,36043,51862,0.4147
1851,36045,52268,0.4181
1852,36047,56015,0.5273
1853,36049,52380,0.4126
1854,36051,56071,0.415
1855,36053,60228,0.4212
1856,36055,57479,0.4646
1857,36057,45837,0.4576
1858,36059,111240,0.457
1859,36061,82459,0.5971
1860,36063,54085,0.4411
1861,36065,53844,0.459
1862,36067,59225,0.4633
1863,36069,63359,0.4531
1864,36071,76716,0.438
1865,36073,51843,0.4141
1866,36075,53597,0.4335
1867,36077,53121,0.4433
1868,36079,102186,0.4245
1869,36081,64987,0.4515
1870,36083,65851,0.4317
1871,36085,79267,0.4566
1872,36087,91108,0.4608
1873,36089,49305,0.4407
1874,36091,80839,0.4198
1875,36093,63785,0.4411
1876,36095,53989,0.4227
1877,36097,51479,0.4014
1878,36099,54695,0.4318
1879,36101,51789,0.4516
1880,36103,96675,0.4423
1881,36105,56256,0.4633
1882,36107,60736,0.4292
1883,36109,58743,0.4887
1884,36111,63348,0.462
1885,36113,59813,0.4367
1886,36115,54114,0.4166
1887,36117,55765,0.4189
1888,36119,92758,0.5405
1889,36121,57914,0.4015
1890,36123,54343,0.4512
1891,37001,45735,0.46
1892,37003,44961,0.4671
1893,37005,37558,0.4237
1894,37007,39126,0.4417
1895,37009,40978,0.447
1896,37011,38134,0.4715
1897,37013,43688,0.4875
1898,37015,33143,0.5027
1899,37017,32378,0.4969
1900,37019,54406,0.4461
1901,37021,50668,0.4705
1902,37023,42516,0.4623
1903,37025,64174,0.432
1904,37027,42072,0.4483
1905,37029,63349,0.368
1906,37031,54428,0.4561
1907,37033,43961,0.4336
1908,37035,51157,0.4536
1909,37037,63531,0.4899
1910,37039,40294,0.4123
1911,37041,42621,0.4474
1912,37043,38801,0.4871
1913,37045,40393,0.4694
1914,37047,36398,0.5096
1915,37049,50870,0.4503
1916,37051,45716,0.447
1917,37053,66284,0.3867
1918,37055,58012,0.4299
1919,37057,47271,0.4345
1920,37059,57611,0.4494
1921,37061,38850,0.4408
1922,37063,58190,0.475
1923,37065,35516,0.472
1924,37067,50128,0.4985
1925,37069,53175,0.421
1926,37071,49384,0.4599
1927,37073,52205,0.397
1928,37075,36525,0.4418
1929,37077,55628,0.4291
1930,37079,38306,0.4337
1931,37081,51072,0.4847
1932,37083,34251,0.4969
1933,37085,51630,0.4177
1934,37087,49800,0.4634
1935,37089,52815,0.435
1936,37091,37005,0.443
1937,37093,47535,0.416
1938,37095,45466,0.3983
1939,37097,58198,0.4736
1940,37099,44028,0.4473
1941,37101,56842,0.4148
1942,37103,36892,0.4662
1943,37105,48873,0.4405
1944,37107,38387,0.4653
1945,37109,53318,0.4575
1946,37111,40913,0.4415
1947,37113,43597,0.4773
1948,37115,42410,0.4719
1949,37117,39205,0.4835
1950,37119,64312,0.4881
1951,37121,44186,0.4256
1952,37123,42346,0.4786
1953,37125,57899,0.4681
1954,37127,48362,0.4735
1955,37129,52716,0.4917
1956,37131,35499,0.45
1957,37133,49491,0.4034
1958,37135,68211,0.5194
1959,37137,44947,0.4642
1960,37139,48279,0.4389
1961,37141,52989,0.4735
1962,37143,45915,0.439
1963,37145,48811,0.4414
1964,37147,44315,0.4926
1965,37149,48834,0.4498
1966,37151,45006,0.4439
1967,37153,36091,0.4628
1968,37155,33679,0.4891
1969,37157,42490,0.448
1970,37159,48667,0.451
1971,37161,40347,0.4601
1972,37163,39068,0.4817
1973,37165,35617,0.4639
1974,37167,49590,0.4181
1975,37169,46169,0.4293
1976,37171,41068,0.4805
1977,37173,36773,0.4656
1978,37175,46629,0.4327
1979,37177,35472,0.4158
1980,37179,75397,0.4558
1981,37181,37282,0.5215
1982,37183,76956,0.4446
1983,37185,35962,0.4874
1984,37187,35512,0.4626
1985,37189,45268,0.5047
1986,37191,42192,0.4707
1987,37193,40829,0.4764
1988,37195,42850,0.4681
1989,37197,42876,0.4292
1990,37199,39888,0.4431
1991,38001,54875,0.4604
1992,38003,57064,0.448
1993,38005,44313,0.5207
1994,38007,92604,0.4494
1995,38009,59882,0.4463
1996,38011,65063,0.431
1997,38013,74931,0.4247
1998,38015,69719,0.433
1999,38017,62031,0.4708
2000,38019,67591,0.4774
2001,38021,60918,0.427
2002,38023,60074,0.5125
2003,38025,70500,0.5215
2004,38027,51563,0.5029
2005,38029,51029,0.4556
2006,38031,60613,0.395
2007,38033,56087,0.4474
2008,38035,51951,0.4814
2009,38037,50962,0.5165
2010,38039,52794,0.463
2011,38041,56761,0.4832
2012,38043,57734,0.4679
2013,38045,59426,0.4697
2014,38047,58144,0.4371
2015,38049,62637,0.4805
2016,38051,50739,0.4493
2017,38053,80732,0.4616
2018,38055,65648,0.4121
2019,38057,79890,0.3883
2020,38059,67584,0.4587
2021,38061,70678,0.4752
2022,38063,48798,0.4554
2023,38065,68333,0.4072
2024,38067,64962,0.4405
2025,38069,48802,0.4546
2026,38071,57313,0.4946
2027,38073,61810,0.433
2028,38075,68182,0.3848
2029,38077,61990,0.4119
2030,38079,39884,0.5039
2031,38081,67200,0.3781
2032,38083,49261,0.4789
2033,38085,40862,0.5365
2034,38087,63942,0.3953
2035,38089,75708,0.4461
2036,38091,65848,0.416
2037,38093,57642,0.4359
2038,38095,53696,0.4878
2039,38097,62870,0.4338
2040,38099,54414,0.4336
2041,38101,67753,0.421
2042,38103,57989,0.446
2043,38105,86575,0.4397
2044,39001,36894,0.4933
2045,39003,50552,0.4417
2046,39005,52730,0.4087
2047,39007,44823,0.4439
2048,39009,37778,0.5096
2049,39011,61758,0.3997
2050,39013,49361,0.4448
2051,39015,52356,0.4129
2052,39017,63358,0.4424
2053,39019,52394,0.442
2054,39021,57103,0.3797
2055,39023,48502,0.4305
2056,39025,64822,0.4403
2057,39027,51354,0.4484
2058,39029,46306,0.4472
2059,39031,44491,0.424
2060,39033,42892,0.4447
2061,39035,48435,0.5124
2062,39037,52691,0.4017
2063,39039,57665,0.4009
2064,39041,104322,0.4279
2065,39043,52270,0.4559
2066,39045,66175,0.4244
2067,39047,46478,0.4324
2068,39049,58762,0.4658
2069,39051,60231,0.3969
2070,39053,42113,0.4454
2071,39055,79956,0.4657
2072,39057,67109,0.4444
2073,39059,43975,0.4348
2074,39061,54976,0.5021
2075,39063,55644,0.432
2076,39065,48773,0.3957
2077,39067,48462,0.4122
2078,39069,59083,0.3783
2079,39071,43297,0.4428
2080,39073,50000,0.4113
2081,39075,62111,0.4275
2082,39077,51559,0.4122
2083,39079,45340,0.4133
2084,39081,44819,0.4718
2085,39083,55131,0.4026
2086,39085,63475,0.4198
2087,39087,44372,0.4483
2088,39089,62715,0.4296
2089,39091,55150,0.42
2090,39093,56965,0.448
2091,39095,46924,0.488
2092,39097,65264,0.4102
2093,39099,44682,0.4736
2094,39101,45464,0.4336
2095,39103,74243,0.4089
2096,39105,43591,0.4669
2097,39107,59417,0.4078
2098,39109,57544,0.4175
2099,39111,43956,0.4625
2100,39113,49314,0.467
2101,39115,41731,0.4449
2102,39117,56010,0.4165
2103,39119,45276,0.4492
2104,39121,47456,0.4543
2105,39123,57918,0.4236
2106,39125,51933,0.4027
2107,39127,48811,0.4149
2108,39129,62214,0.403
2109,39131,43729,0.4377
2110,39133,56618,0.4495
2111,39135,55374,0.4024
2112,39137,62001,0.3865
2113,39139,47346,0.43
2114,39141,48403,0.4466
2115,39143,51701,0.4149
2116,39145,39731,0.4926
2117,39147,49936,0.4288
2118,39149,61042,0.4059
2119,39151,52190,0.4383
2120,39153,55448,0.4687
2121,39155,45975,0.4494
2122,39157,51170,0.4172
2123,39159,82775,0.4045
2124,39161,52754,0.415
2125,39163,42114,0.4146
2126,39165,83330,0.427
2127,39167,48572,0.4593
2128,39169,56348,0.4231
2129,39171,49491,0.4008
2130,39173,59789,0.4531
2131,39175,52940,0.4119
2132,40001,32986,0.4606
2133,40003,59569,0.4764
2134,40005,38821,0.4879
2135,40007,51996,0.4219
2136,40009,48725,0.4498
2137,40011,50391,0.4485
2138,40013,43245,0.4664
2139,40015,44588,0.4462
2140,40017,71157,0.4011
2141,40019,49216,0.453
2142,40021,40936,0.454
2143,40023,32129,0.5136
2144,40025,46071,0.4623
2145,40027,62863,0.4317
2146,40029,40000,0.5063
2147,40031,52227,0.45
2148,40033,51623,0.3936
2149,40035,41701,0.4231
2150,40037,49578,0.4484
2151,40039,48884,0.476
2152,40041,39742,0.4579
2153,40043,50037,0.4872
2154,40045,52705,0.4598
2155,40047,51332,0.4362
2156,40049,45066,0.4411
2157,40051,58177,0.4407
2158,40053,56287,0.4029
2159,40055,38322,0.4462
2160,40057,41607,0.4384
2161,40059,50114,0.426
2162,40061,39375,0.4455
2163,40063,39265,0.4893
2164,40065,45757,0.4334
2165,40067,37319,0.435
2166,40069,40077,0.4454
2167,40071,45426,0.4459
2168,40073,60656,0.4627
2169,40075,38209,0.4318
2170,40077,42363,0.4819
2171,40079,39769,0.4561
2172,40081,49362,0.4479
2173,40083,62035,0.4515
2174,40085,52007,0.3903
2175,40087,64492,0.4153
2176,40089,35829,0.4526
2177,40091,37086,0.4598
2178,40093,54118,0.4344
2179,40095,45828,0.4522
2180,40097,48853,0.4267
2181,40099,51490,0.4402
2182,40101,42689,0.4736
2183,40103,53253,0.4474
2184,40105,41895,0.4238
2185,40107,38527,0.4407
2186,40109,52855,0.4891
2187,40111,42175,0.457
2188,40113,47789,0.4414
2189,40115,39070,0.4457
2190,40117,47413,0.4398
2191,40119,40944,0.5249
2192,40121,45346,0.4574
2193,40123,49235,0.444
2194,40125,47683,0.4419
2195,40127,37457,0.4956
2196,40129,47667,0.4868
2197,40131,62949,0.4257
2198,40133,38706,0.4516
2199,40135,38328,0.4479
2200,40137,46166,0.4557
2201,40139,50450,0.3884
2202,40141,40462,0.4626
2203,40143,53902,0.4825
2204,40145,61566,0.3988
2205,40147,52103,0.4836
2206,40149,52510,0.4394
2207,40151,56899,0.4352
2208,40153,58706,0.4364
2209,41001,43921,0.4385
2210,41003,58655,0.4861
2211,41005,76597,0.4464
2212,41007,52583,0.4145
2213,41009,59714,0.4201
2214,41011,43308,0.4743
2215,41013,44524,0.4245
2216,41015,46396,0.447
2217,41017,63680,0.4462
2218,41019,45812,0.4377
2219,41021,42976,0.3959
2220,41023,45357,0.4287
2221,41025,41797,0.4398
2222,41027,62935,0.4428
2223,41029,50851,0.4656
2224,41031,50339,0.4133
2225,41033,43046,0.4644
2226,41035,43522,0.4432
2227,41037,36627,0.4424
2228,41039,49958,0.4637
2229,41041,46061,0.4448
2230,41043,52097,0.4258
2231,41045,42478,0.4467
2232,41047,56097,0.4312
2233,41049,55440,0.3915
2234,41051,64337,0.4766
2235,41053,58344,0.4294
2236,41055,48056,0.5114
2237,41057,47500,0.443
2238,41059,51887,0.4391
2239,41061,48617,0.4622
2240,41063,44953,0.4563
2241,41065,50973,0.4173
2242,41067,78010,0.4268
2243,41069,33456,0.4361
2244,41071,59484,0.4472
2245,42001,64507,0.3982
2246,42003,58383,0.4869
2247,42005,49032,0.4155
2248,42007,55828,0.4248
2249,42009,49146,0.4192
2250,42011,61522,0.4393
2251,42013,47969,0.4448
2252,42015,51457,0.431
2253,42017,86055,0.448
2254,42019,68472,0.4388
2255,42021,45901,0.4412
2256,42023,41485,0.4243
2257,42025,53624,0.4019
2258,42027,58055,0.4696
2259,42029,96726,0.4572
2260,42031,45625,0.433
2261,42033,47270,0.4284
2262,42035,49234,0.4125
2263,42037,49889,0.4498
2264,42039,49144,0.4328
2265,42041,68895,0.4227
2266,42043,58916,0.4489
2267,42045,71539,0.482
2268,42047,51112,0.4081
2269,42049,49716,0.4578
2270,42051,44476,0.4653
2271,42053,38383,0.3799
2272,42055,59713,0.4138
2273,42057,51259,0.4075
2274,42059,54121,0.4402
2275,42061,48597,0.4098
2276,42063,46877,0.4557
2277,42065,46818,0.4206
2278,42067,52765,0.4004
2279,42069,50875,0.4611
2280,42071,63823,0.4274
2281,42073,48860,0.4624
2282,42075,59114,0.4034
2283,42077,62178,0.4531
2284,42079,51646,0.4478
2285,42081,52407,0.423
2286,42083,46953,0.4475
2287,42085,48768,0.4381
2288,42087,47526,0.4144
2289,42089,63931,0.4147
2290,42091,88166,0.4667
2291,42093,57183,0.4823
2292,42095,67565,0.4392
2293,42097,47063,0.4366
2294,42099,62266,0.3919
2295,42101,43744,0.5155
2296,42103,64247,0.4361
2297,42105,42821,0.4306
2298,42107,49190,0.428
2299,42109,57638,0.404
2300,42111,48224,0.4322
2301,42113,47346,0.4249
2302,42115,53059,0.4444
2303,42117,50667,0.429
2304,42119,56026,0.4501
2305,42121,47982,0.4245
2306,42123,48409,0.4325
2307,42125,61567,0.4539
2308,42127,54851,0.4187
2309,42129,58866,0.4415
2310,42131,59308,0.4061
2311,42133,63902,0.4185
2312,44001,75578,0.4881
2313,44003,70223,0.4439
2314,44005,77237,0.47
2315,44007,55233,0.4818
2316,44009,81301,0.4435
2317,45001,36685,0.4769
2318,45003,50036,0.4545
2319,45005,24560,0.4995
2320,45007,47906,0.4518
2321,45009,32229,0.4598
2322,45011,36566,0.4685
2323,45013,63110,0.4759
2324,45015,59995,0.4203
2325,45017,44534,0.4871
2326,45019,61028,0.5058
2327,45021,35836,0.5036
2328,45023,40080,0.4712
2329,45025,40033,0.4481
2330,45027,37525,0.4848
2331,45029,36276,0.4535
2332,45031,36254,0.4789
2333,45033,29362,0.5054
2334,45035,61698,0.4268
2335,45037,49200,0.4785
2336,45039,36294,0.5119
2337,45041,45479,0.4834
2338,45043,48071,0.4948
2339,45045,56789,0.4684
2340,45047,40982,0.4835
2341,45049,32453,0.3977
2342,45051,48279,0.4462
2343,45053,41930,0.4564
2344,45055,49392,0.4384
2345,45057,55223,0.4747
2346,45059,41578,0.454
2347,45061,31651,0.4939
2348,45063,59593,0.4332
2349,45065,42262,0.4771
2350,45067,33046,0.5254
2351,45069,34203,0.4676
2352,45071,42765,0.4518
2353,45073,46056,0.4853
2354,45075,36188,0.4882
2355,45077,47024,0.4569
2356,45079,53922,0.4736
2357,45081,44486,0.4352
2358,45083,50179,0.4561
2359,45085,43792,0.4447
2360,45087,40120,0.4742
2361,45089,32351,0.4869
2362,45091,62431,0.4504
2363,46003,59293,0.4083
2364,46005,51700,0.3899
2365,46007,48348,0.3962
2366,46009,54450,0.404
2367,46011,56370,0.4267
2368,46013,56455,0.4556
2369,46015,50839,0.5013
2370,46017,32500,0.4545
2371,46019,44387,0.474
2372,46021,52500,0.5444
2373,46023,46389,0.4471
2374,46025,47798,0.5018
2375,46027,43189,0.5167
2376,46029,54774,0.4374
2377,46031,35441,0.5425
2378,46033,55472,0.4084
2379,46035,47772,0.4445
2380,46037,44145,0.4953
2381,46039,57930,0.3862
2382,46041,43954,0.463
2383,46043,57419,0.4337
2384,46045,68551,0.4169
2385,46047,50837,0.3861
2386,46049,53889,0.4372
2387,46051,62532,0.4176
2388,46053,44479,0.4683
2389,46055,37420,0.4615
2390,46057,65050,0.3557
2391,46059,52438,0.4598
2392,46061,63036,0.3702
2393,46063,57365,0.3861
2394,46065,63564,0.421
2395,46067,54868,0.4286
2396,46069,54891,0.4274
2397,46071,33438,0.4782
2398,46073,49519,0.5358
2399,46075,41103,0.4053
2400,46077,59375,0.4085
2401,46079,59232,0.4696
2402,46081,52245,0.4549
2403,46083,81422,0.4441
2404,46085,53263,0.3831
2405,46087,62234,0.3696
2406,46089,43804,0.4741
2407,46091,63594,0.3992
2408,46093,59218,0.4036
2409,46095,31222,0.4925
2410,46097,51394,0.4105
2411,46099,60028,0.4199
2412,46101,58167,0.4317
2413,46102,30347,0.5119
2414,46103,55024,0.4497
2415,46105,56850,0.4745
2416,46107,53600,0.4337
2417,46109,50495,0.4686
2418,46111,54899,0.4543
2419,46115,52729,0.4709
2420,46117,71763,0.3796
2421,46119,64028,0.5082
2422,46121,24257,0.5517
2423,46123,51027,0.4299
2424,46125,55380,0.427
2425,46127,69563,0.4502
2426,46129,52123,0.4506
2427,46135,54694,0.4824
2428,46137,37143,0.4554
2429,47001,49376,0.4655
2430,47003,48945,0.4534
2431,47005,33125,0.4704
2432,47007,42889,0.4922
2433,47009,54140,0.4611
2434,47011,48140,0.4686
2435,47013,38170,0.4893
2436,47015,49523,0.4332
2437,47017,40810,0.4667
2438,47019,36589,0.47
2439,47021,58641,0.3833
2440,47023,45667,0.4295
2441,47025,36077,0.4802
2442,47027,31487,0.4801
2443,47029,33614,0.4847
2444,47031,47998,0.4443
2445,47033,42047,0.4391
2446,47035,43893,0.434
2447,47037,56507,0.4844
2448,47039,40233,0.5178
2449,47041,44134,0.5013
2450,47043,50549,0.4571
2451,47045,43762,0.4912
2452,47047,59017,0.4769
2453,47049,35084,0.4451
2454,47051,49038,0.4761
2455,47053,41886,0.4528
2456,47055,47528,0.4303
2457,47057,42997,0.4268
2458,47059,40138,0.473
2459,47061,36987,0.4792
2460,47063,42589,0.4486
2461,47065,53035,0.4826
2462,47067,28990,0.4887
2463,47069,38651,0.4384
2464,47071,39798,0.4731
2465,47073,40335,0.466
2466,47075,38362,0.4846
2467,47077,42430,0.4365
2468,47079,40837,0.4462
2469,47081,41998,0.4816
2470,47083,43964,0.461
2471,47085,41510,0.4542
2472,47087,36703,0.4442
2473,47089,47264,0.4559
2474,47091,34151,0.4811
2475,47093,54437,0.4836
2476,47095,34966,0.5398
2477,47097,37915,0.4361
2478,47099,41553,0.445
2479,47101,37139,0.4234
2480,47103,45736,0.4314
2481,47105,56078,0.4496
2482,47107,41398,0.492
2483,47109,36055,0.4609
2484,47111,36246,0.4612
2485,47113,46223,0.472
2486,47115,48024,0.4482
2487,47117,49370,0.4216
2488,47119,54249,0.4373
2489,47121,43250,0.4384
2490,47123,38327,0.4462
2491,47125,55972,0.4204
2492,47127,52294,0.4608
2493,47129,40166,0.4569
2494,47131,39866,0.4669
2495,47133,36558,0.4489
2496,47135,34634,0.6254
2497,47137,41004,0.4243
2498,47139,41818,0.457
2499,47141,40888,0.4896
2500,47143,39451,0.4685
2501,47145,50003,0.4755
2502,47147,61774,0.4163
2503,47149,63846,0.4084
2504,47151,35453,0.4477
2505,47153,51750,0.3972
2506,47155,45943,0.4285
2507,47157,49782,0.5106
2508,47159,46404,0.4966
2509,47161,42269,0.4051
2510,47163,43442,0.477
2511,47165,64631,0.4427
2512,47167,60167,0.4439
2513,47169,52864,0.4022
2514,47171,39851,0.4441
2515,47173,41352,0.4628
2516,47175,37127,0.4102
2517,47177,37715,0.484
2518,47179,46752,0.4842
2519,47181,38634,0.4512
2520,47183,38566,0.4621
2521,47185,40745,0.4454
2522,47187,109026,0.4447
2523,47189,71513,0.4083
2524,48001,43355,0.4225
2525,48003,74233,0.4506
2526,48005,47714,0.4495
2527,48007,44865,0.5351
2528,48009,64476,0.4316
2529,48011,66563,0.3662
2530,48013,55265,0.451
2531,48015,65365,0.4278
2532,48017,46485,0.4342
2533,48019,53683,0.4245
2534,48021,62941,0.4189
2535,48023,40750,0.4555
2536,48025,42032,0.498
2537,48027,54184,0.4305
2538,48029,55456,0.4694
2539,48031,63071,0.4468
2540,48033,81985,0.3326
2541,48035,50882,0.4223
2542,48037,47505,0.4912
2543,48039,79270,0.4266
2544,48041,46839,0.5144
2545,48043,43894,0.453
2546,48045,42647,0.4326
2547,48047,27378,0.4822
2548,48049,45457,0.4691
2549,48051,56235,0.4332
2550,48053,59238,0.4505
2551,48055,52278,0.4494
2552,48057,55469,0.4195
2553,48059,44602,0.4696
2554,48061,37132,0.4863
2555,48063,42604,0.4255
2556,48065,70087,0.4151
2557,48067,45345,0.433
2558,48069,45000,0.4088
2559,48071,76850,0.4543
2560,48073,46044,0.439
2561,48075,40794,0.4452
2562,48077,51191,0.4399
2563,48079,42798,0.4662
2564,48081,45551,0.3979
2565,48083,43981,0.5029
2566,48085,94192,0.4324
2567,48087,42750,0.4742
2568,48089,49504,0.4656
2569,48091,75356,0.4408
2570,48093,47893,0.4356
2571,48095,43355,0.4888
2572,48097,57646,0.4209
2573,48099,51440,0.4155
2574,48101,34375,0.4697
2575,48103,70398,0.3891
2576,48105,51152,0.4195
2577,48107,37899,0.4598
2578,48109,33417,0.417
2579,48111,51250,0.4924
2580,48113,56854,0.4997
2581,48115,44657,0.5012
2582,48117,51841,0.3953
2583,48119,46138,0.4332
2584,48121,83376,0.4346
2585,48123,53779,0.516
2586,48125,41618,0.5054
2587,48127,27832,0.52
2588,48129,43224,0.4279
2589,48131,37382,0.4629
2590,48133,35325,0.5607
2591,48135,60676,0.4598
2592,48137,40313,0.4919
2593,48139,72213,0.4144
2594,48141,44597,0.4634
2595,48143,48819,0.4984
2596,48145,38032,0.4635
2597,48147,50761,0.4382
2598,48149,56297,0.4795
2599,48151,46827,0.4761
2600,48153,48555,0.4351
2601,48155,46354,0.423
2602,48157,95561,0.4352
2603,48159,52944,0.429
2604,48161,48731,0.4573
2605,48163,42476,0.5051
2606,48165,59032,0.4525
2607,48167,69369,0.4729
2608,48169,55039,0.4443
2609,48171,58325,0.4733
2610,48173,75833,0.4606
2611,48175,60492,0.4612
2612,48177,53006,0.4764
2613,48179,47170,0.4674
2614,48181,54370,0.4404
2615,48183,49287,0.4645
2616,48185,50298,0.4909
2617,48187,70931,0.4043
2618,48189,47080,0.4172
2619,48191,32921,0.5354
2620,48193,47500,0.4932
2621,48195,39229,0.4344
2622,48197,42238,0.4449
2623,48199,59105,0.4646
2624,48201,60146,0.4978
2625,48203,51202,0.4571
2626,48205,59280,0.3725
2627,48207,46013,0.438
2628,48209,65935,0.4547
2629,48211,63778,0.4351
2630,48213,45798,0.4678
2631,48215,38398,0.4907
2632,48217,48823,0.4549
2633,48219,48116,0.4407
2634,48221,59049,0.4573
2635,48223,51877,0.4583
2636,48225,34297,0.4601
2637,48227,51528,0.4798
2638,48229,29318,0.5103
2639,48231,51928,0.4479
2640,48233,50651,0.4345
2641,48235,54706,0.4715
2642,48237,51700,0.4601
2643,48239,60276,0.4161
2644,48241,46088,0.4662
2645,48243,53194,0.3696
2646,48245,48463,0.4888
2647,48247,32049,0.4975
2648,48249,42005,0.496
2649,48251,62066,0.41
2650,48253,45694,0.4561
2651,48255,52252,0.5403
2652,48257,65390,0.4156
2653,48259,82390,0.4825
2654,48261,36125,0.3614
2655,48263,45926,0.4826
2656,48265,52473,0.4609
2657,48267,42500,0.494
2658,48269,65125,0.3535
2659,48271,31468,0.4537
2660,48273,42021,0.4958
2661,48275,46146,0.4163
2662,48277,43562,0.4648
2663,48279,43396,0.4504
2664,48281,58194,0.42
2665,48283,51792,0.5494
2666,48285,53021,0.4768
2667,48287,55000,0.4396
2668,48289,44818,0.5351
2669,48291,49850,0.4432
2670,48293,42680,0.45
2671,48295,57372,0.4322
2672,48297,55766,0.4291
2673,48299,52178,0.5174
2674,48301,81875,0.2567
2675,48303,50473,0.4851
2676,48305,43524,0.4977
2677,48307,45329,0.4429
2678,48309,48199,0.4738
2679,48311,68750,0.4747
2680,48313,49428,0.4523
2681,48315,37283,0.5318
2682,48317,69722,0.457
2683,48319,40708,0.474
2684,48321,45500,0.4792
2685,48323,38035,0.4754
2686,48325,61059,0.4399
2687,48327,40606,0.4367
2688,48329,78888,0.4711
2689,48331,47081,0.4364
2690,48333,41827,0.4917
2691,48335,49670,0.4294
2692,48337,51774,0.4474
2693,48339,77416,0.48
2694,48341,51527,0.3876
2695,48343,42961,0.4406
2696,48345,43750,0.4731
2697,48347,43598,0.4865
2698,48349,47920,0.4567
2699,48351,40950,0.4437
2700,48353,44346,0.4998
2701,48355,55048,0.4657
2702,48357,49928,0.456
2703,48359,63315,0.4742
2704,48361,55700,0.4431
2705,48363,45979,0.4674
2706,48365,51569,0.4579
2707,48367,74625,0.4356
2708,48369,54184,0.4022
2709,48371,52282,0.4354
2710,48373,46182,0.4612
2711,48375,43157,0.4763
2712,48377,27061,0.4587
2713,48379,49872,0.4363
2714,48381,67397,0.4285
2715,48383,70478,0.3684
2716,48385,34813,0.4749
2717,48387,37955,0.4384
2718,48389,58384,0.4325
2719,48391,48112,0.437
2720,48393,73854,0.38
2721,48395,54201,0.4437
2722,48397,94767,0.403
2723,48399,41732,0.4469
2724,48401,52329,0.4458
2725,48403,33257,0.4967
2726,48405,35509,0.526
2727,48407,44658,0.431
2728,48409,55229,0.4412
2729,48411,44698,0.475
2730,48413,55677,0.4027
2731,48415,55889,0.4117
2732,48417,45187,0.4541
2733,48419,40764,0.462
2734,48421,56576,0.4116
2735,48423,53511,0.4683
2736,48425,53162,0.4244
2737,48427,29294,0.5136
2738,48429,45336,0.477
2739,48431,59286,0.3364
2740,48433,48000,0.466
2741,48435,60543,0.3973
2742,48437,38418,0.474
2743,48439,64874,0.4611
2744,48441,50818,0.4571
2745,48443,33750,0.4967
2746,48445,44975,0.4289
2747,48447,44196,0.4814
2748,48449,46698,0.4215
2749,48451,51675,0.4705
2750,48453,71767,0.4851
2751,48455,40407,0.4323
2752,48457,43936,0.4244
2753,48459,50906,0.4338
2754,48461,52257,0.4476
2755,48463,41752,0.4338
2756,48465,45521,0.4591
2757,48467,51935,0.4519
2758,48469,55631,0.4619
2759,48471,41855,0.4809
2760,48473,57654,0.4555
2761,48475,64630,0.4366
2762,48477,56237,0.4837
2763,48479,42293,0.488
2764,48481,49619,0.4853
2765,48483,49352,0.4362
2766,48485,46575,0.4629
2767,48487,48773,0.4222
2768,48489,29944,0.5015
2769,48491,83679,0.3963
2770,48493,72445,0.4263
2771,48495,59167,0.4314
2772,48497,61709,0.4303
2773,48499,48534,0.4789
2774,48501,68814,0.3925
2775,48503,47194,0.4334
2776,48505,31113,0.5389
2777,48507,30988,0.4233
2778,49001,54212,0.3751
2779,49003,59937,0.3801
2780,49005,56840,0.4263
2781,49007,50278,0.4155
2782,49009,81250,0.3435
2783,49011,79690,0.3813
2784,49013,63919,0.3906
2785,49015,52055,0.372
2786,49017,52337,0.421
2787,49019,48673,0.3707
2788,49021,46809,0.4389
2789,49023,62237,0.3654
2790,49025,48269,0.4306
2791,49027,60445,0.4287
2792,49029,89274,0.3921
2793,49031,39440,0.4358
2794,49033,49886,0.4257
2795,49035,71230,0.436
2796,49037,44680,0.4741
2797,49039,51720,0.3897
2798,49041,53020,0.4135
2799,49043,100453,0.4891
2800,49045,71020,0.3513
2801,49047,66736,0.4379
2802,49049,70408,0.4164
2803,49051,77449,0.426
2804,49053,56877,0.4384
2805,49055,44694,0.3923
2806,49057,64636,0.4007
2807,50001,65093,0.4128
2808,50003,53040,0.4622
2809,50005,49348,0.442
2810,50007,69896,0.4496
2811,50009,41045,0.4256
2812,50011,64258,0.4029
2813,50013,69583,0.463
2814,50015,60365,0.4762
2815,50017,60159,0.4021
2816,50019,47915,0.4409
2817,50021,54973,0.432
2818,50023,62108,0.4368
2819,50025,52659,0.4537
2820,50027,58303,0.4616
2821,51001,43210,0.4382
2822,51003,75394,0.4809
2823,51005,47794,0.4468
2824,51007,58526,0.4218
2825,51009,49170,0.4109
2826,51011,56176,0.4242
2827,51013,117374,0.4355
2828,51015,61305,0.4115
2829,51017,46137,0.4506
2830,51019,61541,0.4322
2831,51021,50511,0.4065
2832,51023,68410,0.4156
2833,51025,41927,0.4395
2834,51027,30806,0.4645
2835,51029,46261,0.4007
2836,51031,50258,0.4397
2837,51033,64715,0.4088
2838,51035,43532,0.4586
2839,51036,59192,0.5459
2840,51037,39212,0.4455
2841,51041,80214,0.4052
2842,51043,77936,0.4468
2843,51045,55484,0.386
2844,51047,73116,0.4076
2845,51049,46221,0.4399
2846,51051,29226,0.58
2847,51053,55880,0.4328
2848,51057,52681,0.4175
2849,51059,121133,0.4256
2850,51061,97469,0.4185
2851,51063,49729,0.4157
2852,51065,74931,0.4611
2853,51067,52639,0.4591
2854,51069,73250,0.3926
2855,51071,52478,0.3991
2856,51073,66701,0.3969
2857,51075,89741,0.4796
2858,51077,33969,0.4588
2859,51079,64979,0.4179
2860,51081,44534,0.41
2861,51083,42289,0.4342
2862,51085,88652,0.3935
2863,51087,68572,0.4584
2864,51089,36683,0.4527
2865,51091,46147,0.4375
2866,51093,71376,0.4266
2867,51095,83048,0.4527
2868,51097,54516,0.4129
2869,51099,87321,0.3741
2870,51101,68720,0.3948
2871,51103,50739,0.4972
2872,51105,32718,0.4896
2873,51107,136268,0.3859
2874,51109,59343,0.4529
2875,51111,41868,0.3901
2876,51113,54197,0.4618
2877,51115,67009,0.4538
2878,51117,42025,0.4698
2879,51119,51917,0.4553
2880,51121,54641,0.5009
2881,51125,62446,0.4833
2882,51127,79698,0.376
2883,51131,43553,0.4694
2884,51133,58677,0.4462
2885,51135,42869,0.5133
2886,51137,68481,0.3912
2887,51139,47951,0.4274
2888,51141,40486,0.4463
2889,51143,45382,0.4338
2890,51145,83914,0.371
2891,51147,46189,0.464
2892,51149,67001,0.3963
2893,51153,103445,0.3809
2894,51155,52638,0.4137
2895,51157,68438,0.4564
2896,51159,49831,0.4453
2897,51161,65467,0.4224
2898,51163,54805,0.4802
2899,51165,59817,0.43
2900,51167,39482,0.4588
2901,51169,39144,0.4436
2902,51171,54921,0.4158
2903,51173,40425,0.4593
2904,51175,54611,0.3965
2905,51177,85330,0.3927
2906,51179,106773,0.3702
2907,51181,54844,0.403
2908,51183,45801,0.4286
2909,51185,40978,0.4526
2910,51187,68189,0.3979
2911,51191,46262,0.4426
2912,51193,54268,0.4616
2913,51195,38345,0.485
2914,51197,48043,0.4666
2915,51199,90367,0.3756
2916,51510,96733,0.4443
2917,51520,37904,0.4711
2918,51530,34273,0.4398
2919,51540,58933,0.5168
2920,51550,75790,0.4073
2921,51570,53716,0.4214
2922,51580,39432,0.4578
2923,51590,36301,0.4787
2924,51595,30857,0.4793
2925,51600,111574,0.4061
2926,51610,124796,0.4527
2927,51620,40375,0.4612
2928,51630,63274,0.46
2929,51640,31938,0.5015
2930,51650,54550,0.4313
2931,51660,43893,0.4816
2932,51670,40497,0.4461
2933,51678,36466,0.5135
2934,51680,43374,0.4734
2935,51683,78462,0.397
2936,51685,80667,0.353
2937,51690,33224,0.5078
2938,51700,51884,0.4369
2939,51710,49146,0.4957
2940,51720,28071,0.5088
2941,51730,36135,0.4822
2942,51735,96831,0.3813
2943,51740,50224,0.4242
2944,51750,36743,0.5247
2945,51760,45117,0.5381
2946,51770,43028,0.4774
2947,51775,57185,0.4401
2948,51790,48049,0.4547
2949,51800,70664,0.4306
2950,51810,74186,0.4172
2951,51820,45738,0.4446
2952,51830,56163,0.5181
2953,51840,53797,0.4493
2954,53001,49142,0.4203
2955,53003,50423,0.4312
2956,53005,65650,0.4303
2957,53007,56135,0.451
2958,53009,49913,0.4408
2959,53011,71636,0.4266
2960,53013,51111,0.4667
2961,53015,51752,0.4401
2962,53017,60452,0.4229
2963,53019,41924,0.451
2964,53021,62002,0.4046
2965,53023,52525,0.3661
2966,53025,54982,0.4227
2967,53027,47770,0.4451
2968,53029,64809,0.4244
2969,53031,54471,0.4505
2970,53033,89418,0.4663
2971,53035,71610,0.4258
2972,53037,55193,0.4442
2973,53039,54056,0.3991
2974,53041,50216,0.4252
2975,53043,50744,0.4057
2976,53045,55726,0.4195
2977,53047,45808,0.432
2978,53049,44846,0.4201
2979,53051,48583,0.4302
2980,53053,67868,0.426
2981,53055,60711,0.4969
2982,53057,62865,0.4427
2983,53059,58598,0.4228
2984,53061,82751,0.4046
2985,53063,54852,0.4564
2986,53065,49200,0.436
2987,53067,69592,0.4091
2988,53069,54085,0.4103
2989,53071,56533,0.4494
2990,53073,59285,0.4463
2991,53075,42163,0.5015
2992,53077,49871,0.445
2993,54001,39580,0.4777
2994,54003,60615,0.394
2995,54005,38642,0.4607
2996,54007,42213,0.4313
2997,54009,49772,0.3897
2998,54011,38321,0.5052
2999,54013,37610,0.4423
3000,54015,35875,0.4336
3001,54017,46449,0.4176
3002,54019,40379,0.434
3003,54021,35810,0.4384
3004,54023,41071,0.4251
3005,54025,39038,0.466
3006,54027,40099,0.4275
3007,54029,45580,0.4256
3008,54031,47186,0.4327
3009,54033,50433,0.4541
3010,54035,44783,0.4572
3011,54037,76503,0.4074
3012,54039,45426,0.4797
3013,54041,39423,0.4542
3014,54043,37679,0.4423
3015,54045,38123,0.4772
3016,54047,26547,0.461
3017,54049,48605,0.4427
3018,54051,43918,0.4519
3019,54053,40347,0.433
3020,54055,39372,0.4417
3021,54057,46354,0.4083
3022,54059,31305,0.4703
3023,54061,49926,0.5261
3024,54063,36493,0.4386
3025,54065,50661,0.4182
3026,54067,38468,0.448
3027,54069,48418,0.4904
3028,54071,41210,0.462
3029,54073,48563,0.4732
3030,54075,39702,0.4556
3031,54077,48317,0.423
3032,54079,59626,0.4361
3033,54081,42296,0.4604
3034,54083,41094,0.5013
3035,54085,44472,0.4545
3036,54087,34300,0.47
3037,54089,36049,0.4273
3038,54091,47205,0.4295
3039,54093,45655,0.4035
3040,54095,41108,0.4669
3041,54097,40401,0.447
3042,54099,36875,0.4914
3043,54101,34312,0.4747
3044,54103,42125,0.4387
3045,54105,40189,0.396
3046,54107,45958,0.4644
3047,54109,40045,0.4401
3048,55001,43280,0.4342
3049,55003,43861,0.4322
3050,55005,50903,0.4359
3051,55007,52910,0.4168
3052,55009,59963,0.4317
3053,55011,57134,0.405
3054,55013,49982,0.4195
3055,55015,72530,0.3943
3056,55017,57288,0.4072
3057,55019,51872,0.4159
3058,55021,65348,0.4056
3059,55023,48853,0.4345
3060,55025,70541,0.4457
3061,55027,58870,0.3972
3062,55029,58287,0.4384
3063,55031,52480,0.4133
3064,55033,56268,0.4186
3065,55035,55711,0.4406
3066,55037,49128,0.485
3067,55039,59373,0.418
3068,55041,44313,0.4215
3069,55043,52958,0.4116
3070,55045,62699,0.4129
3071,55047,53260,0.4102
3072,55049,62785,0.4311
3073,55051,40801,0.4467
3074,55053,52984,0.4128
3075,55055,63676,0.3976
3076,55057,51056,0.4387
3077,55059,60929,0.4394
3078,55061,63118,0.3956
3079,55063,55479,0.448
3080,55065,59629,0.4088
3081,55067,46557,0.4078
3082,55069,56086,0.3938
3083,55071,53489,0.4062
3084,55073,59543,0.4421
3085,55075,47497,0.4228
3086,55077,49586,0.3935
3087,55078,43872,0.5043
3088,55079,48742,0.479
3089,55081,58178,0.3979
3090,55083,57105,0.3952
3091,55085,54198,0.4519
3092,55087,63536,0.4137
3093,55089,82807,0.4857
3094,55091,53140,0.4268
3095,55093,72111,0.3986
3096,55095,56932,0.4044
3097,55097,57368,0.4249
3098,55099,46742,0.4083
3099,55101,59749,0.4314
3100,55103,51335,0.3964
3101,55105,55832,0.415
3102,55107,44302,0.4146
3103,55109,81124,0.3935
3104,55111,56732,0.415
3105,55113,44555,0.5057
3106,55115,54143,0.4153
3107,55117,58943,0.4092
3108,55119,51698,0.4165
3109,55121,55865,0.397
3110,55123,50905,0.4528
3111,55125,44285,0.4717
3112,55127,61106,0.431
3113,55129,48422,0.4543
3114,55131,74062,0.4098
3115,55133,84331,0.4462
3116,55135,57680,0.4155
3117,55137,51195,0.4318
3118,55139,57124,0.4717
3119,55141,53473,0.4218
3120,56001,46865,0.4667
3121,56003,53435,0.3985
3122,56005,79916,0.3865
3123,56007,60206,0.4106
3124,56009,63923,0.3973
3125,56011,64055,0.4387
3126,56013,54242,0.4298
3127,56015,49774,0.4219
3128,56017,51875,0.4246
3129,56019,55991,0.4895
3130,56021,64220,0.4237
3131,56023,64519,0.4029
3132,56025,60550,0.4365
3133,56027,39359,0.4539
3134,56029,62666,0.4437
3135,56031,47096,0.4635
3136,56033,58521,0.4383
3137,56035,78680,0.358
3138,56037,73008,0.4127
3139,56039,83831,0.4879
3140,56041,58235,0.4002
3141,56043,53426,0.3898
3142,56045,52867,0.4284
3143,72001,12902,0.5259
3144,72003,16347,0.5035
3145,72005,16693,0.5605
3146,72007,17255,0.5356
3147,72009,19720,0.4789
3148,72011,19379,0.4697
3149,72013,18001,0.5108
3150,72015,16976,0.4428
3151,72017,16889,0.4961
3152,72019,15970,0.4921
3153,72021,26017,0.498
3154,72023,16080,0.5359
3155,72025,25006,0.5204
3156,72027,16831,0.5404
3157,72029,20673,0.5351
3158,72031,29434,0.4785
3159,72033,18253,0.5634
3160,72035,21320,0.4957
3161,72037,19103,0.5624
3162,72039,15071,0.5243
3163,72041,19949,0.5069
3164,72043,19833,0.51
3165,72045,12812,0.5215
3166,72047,15088,0.5205
3167,72049,23802,0.4175
3168,72051,29667,0.5563
3169,72053,19068,0.5259
3170,72054,20315,0.4521
3171,72055,13242,0.513
3172,72057,16374,0.5077
3173,72059,16922,0.4631
3174,72061,33937,0.5749
3175,72063,33661,0.5194
3176,72065,17201,0.5175
3177,72067,19394,0.4952
3178,72069,19880,0.5308
3179,72071,16748,0.4976
3180,72073,15424,0.4883
3181,72075,20845,0.5102
3182,72077,18969,0.4773
3183,72079,13747,0.5329
3184,72081,14540,0.5523
3185,72083,13435,0.5357
3186,72085,21792,0.5082
3187,72087,17402,0.4943
3188,72089,20829,0.4889
3189,72091,19459,0.5183
3190,72093,13262,0.477
3191,72095,19788,0.4721
3192,72097,14120,0.6106
3193,72099,14155,0.5594
3194,72101,20589,0.4698
3195,72103,19356,0.4467
3196,72105,19332,0.4776
3197,72107,13319,0.5515
3198,72109,15761,0.5057
3199,72111,17592,0.4733
3200,72113,17173,0.5814
3201,72115,16630,0.5155
3202,72117,21591,0.4746
3203,72119,22509,0.4705
3204,72121,16846,0.4993
3205,72123,16887,0.48
3206,72125,15619,0.5435
3207,72127,22146,0.6179
3208,72129,18821,0.4966
3209,72131,14812,0.5262
3210,72133,17640,0.5233
3211,72135,28863,0.4994
3212,72137,24899,0.4804
3213,72139,31193,0.4887
3214,72141,16533,0.5071
3215,72143,18895,0.5572
3216,72145,19096,0.5095
3217,72147,15539,0.4542
3218,72149,19855,0.5172
3219,72151,16013,0.5104
3220,72153,14954,0.5118
